-- phpMyAdmin SQL Dump
-- version 4.7.0
-- https://www.phpmyadmin.net/
--
-- Host: 127.0.0.1
-- Czas generowania: 24 Mar 2018, 22:22
-- Wersja serwera: 10.1.25-MariaDB
-- Wersja PHP: 5.6.31

SET SQL_MODE = "NO_AUTO_VALUE_ON_ZERO";
SET AUTOCOMMIT = 0;
START TRANSACTION;
SET time_zone = "+00:00";


/*!40101 SET @OLD_CHARACTER_SET_CLIENT=@@CHARACTER_SET_CLIENT */;
/*!40101 SET @OLD_CHARACTER_SET_RESULTS=@@CHARACTER_SET_RESULTS */;
/*!40101 SET @OLD_COLLATION_CONNECTION=@@COLLATION_CONNECTION */;
/*!40101 SET NAMES utf8mb4 */;

--
-- Baza danych: `szkola`
--

-- --------------------------------------------------------

--
-- Struktura tabeli dla tabeli `klasy`
--

CREATE TABLE `klasy` (
  `id_klasy` int(11) NOT NULL,
  `klasa` varchar(100) CHARACTER SET utf8 COLLATE utf8_unicode_ci NOT NULL,
  `id_wychowawcy` int(11) NOT NULL,
  `profil` text CHARACTER SET utf8 COLLATE utf8_unicode_ci NOT NULL
) ENGINE=InnoDB DEFAULT CHARSET=utf8;

--
-- Zrzut danych tabeli `klasy`
--

INSERT INTO `klasy` (`id_klasy`, `klasa`, `id_wychowawcy`, `profil`) VALUES
(1, '3A', 1, 'Technik informatyk'),
(2, '3E', 3, 'Technik fotografii'),
(3, '3G', 2, 'Technik gamer');

-- --------------------------------------------------------

--
-- Struktura tabeli dla tabeli `nauczyciel`
--

CREATE TABLE `nauczyciel` (
  `id_nauczyciela` int(11) NOT NULL,
  `imie` text CHARACTER SET utf8 COLLATE utf8_unicode_ci NOT NULL,
  `nazwisko` text CHARACTER SET utf8 COLLATE utf8_unicode_ci NOT NULL,
  `login` varchar(100) CHARACTER SET utf8 COLLATE utf8_unicode_ci NOT NULL,
  `haslo` varchar(100) CHARACTER SET utf8 COLLATE utf8_unicode_ci NOT NULL,
  `PESEL` char(11) CHARACTER SET utf8 COLLATE utf8_unicode_ci NOT NULL,
  `Adres_zamieszkania` varchar(50) CHARACTER SET utf8 COLLATE utf8_unicode_ci NOT NULL,
  `numer_kontaktowy` bigint(12) NOT NULL,
  `komentarz` varchar(255) CHARACTER SET utf8 COLLATE utf8_unicode_ci NOT NULL
) ENGINE=InnoDB DEFAULT CHARSET=utf8;

--
-- Zrzut danych tabeli `nauczyciel`
--

INSERT INTO `nauczyciel` (`id_nauczyciela`, `imie`, `nazwisko`, `login`, `haslo`, `PESEL`, `Adres_zamieszkania`, `numer_kontaktowy`, `komentarz`) VALUES
(1, 'Justyna', 'Wołejko', 'loginj', 'loginj', '', '', 0, ''),
(2, 'Paweł', 'Zawadzki', 'machina', 'cyfrowa', '', '', 0, ''),
(3, 'Katarzyna', 'Wtulich', 'kata', 'wtuli', '', '', 0, '');

-- --------------------------------------------------------

--
-- Struktura tabeli dla tabeli `oceny`
--

CREATE TABLE `oceny` (
  `id_oceny` int(11) NOT NULL,
  `id_przedmiotu` int(11) NOT NULL,
  `id_ucznia` int(11) NOT NULL,
  `ocena` float NOT NULL,
  `waga` int(11) DEFAULT NULL,
  `id_nauczyciela` int(11) NOT NULL,
  `semestr` int(11) NOT NULL
) ENGINE=InnoDB DEFAULT CHARSET=utf8;

--
-- Zrzut danych tabeli `oceny`
--

INSERT INTO `oceny` (`id_oceny`, `id_przedmiotu`, `id_ucznia`, `ocena`, `waga`, `id_nauczyciela`, `semestr`) VALUES
(12, 3, 2, 1, NULL, 3, 1),
(13, 2, 2, 2, NULL, 3, 1),
(14, 5, 2, 3, NULL, 2, 1),
(15, 10, 2, 4, NULL, 2, 1),
(16, 8, 2, 5, NULL, 1, 1),
(17, 9, 2, 6, NULL, 3, 1);

-- --------------------------------------------------------

--
-- Struktura tabeli dla tabeli `przedmiot`
--

CREATE TABLE `przedmiot` (
  `id_przedmiotu` int(11) NOT NULL,
  `przedmiot` text CHARACTER SET utf8 COLLATE utf8_unicode_ci NOT NULL
) ENGINE=InnoDB DEFAULT CHARSET=utf8;

--
-- Zrzut danych tabeli `przedmiot`
--

INSERT INTO `przedmiot` (`id_przedmiotu`, `przedmiot`) VALUES
(1, 'Podstawy przedsiębiorczości'),
(2, 'Działalność gospodarcza w branży informatycznej'),
(3, 'Biologia'),
(4, 'Wiedza o społeczeństwie'),
(5, 'Historia'),
(6, 'j. Polski'),
(7, 'j. Niemiecki'),
(8, 'j. Angielski'),
(9, 'Matematyka'),
(10, 'Informatyka'),
(11, 'Wychowanie fizyczne'),
(12, 'Religia');

-- --------------------------------------------------------

--
-- Struktura tabeli dla tabeli `uczen`
--

CREATE TABLE `uczen` (
  `id_ucznia` int(11) NOT NULL,
  `imie` text CHARACTER SET utf8 COLLATE utf8_unicode_ci NOT NULL,
  `nazwisko` text CHARACTER SET utf8 COLLATE utf8_unicode_ci NOT NULL,
  `klasa` varchar(2) CHARACTER SET utf8 COLLATE utf8_unicode_ci NOT NULL,
  `login` varchar(100) CHARACTER SET utf8 COLLATE utf8_unicode_ci NOT NULL,
  `haslo` varchar(100) CHARACTER SET utf8 COLLATE utf8_unicode_ci NOT NULL,
  `PESEL` char(11) CHARACTER SET utf8 COLLATE utf8_unicode_ci NOT NULL,
  `Adres_zamieszkania` int(50) NOT NULL,
  `numer_kontaktowy` bigint(12) NOT NULL,
  `komentarz` varchar(255) CHARACTER SET utf8 COLLATE utf8_unicode_ci NOT NULL,
  `zdjecie` blob
) ENGINE=InnoDB DEFAULT CHARSET=utf8;

--
-- Zrzut danych tabeli `uczen`
--

INSERT INTO `uczen` (`id_ucznia`, `imie`, `nazwisko`, `klasa`, `login`, `haslo`, `PESEL`, `Adres_zamieszkania`, `numer_kontaktowy`, `komentarz`, `zdjecie`) VALUES
(1, 'Damian', 'Prądziński', '3A', 'prda', 'prda', '', 0, 0, '', ''),
(2, 'Kamil', 'Soliszewski', '3A', 'login', 'haslo', '', 0, 0, '', '');
INSERT INTO `uczen` (`id_ucznia`, `imie`, `nazwisko`, `klasa`, `login`, `haslo`, `PESEL`, `Adres_zamieszkania`, `numer_kontaktowy`, `komentarz`, `zdjecie`) VALUES
(3, 'Dominik', 'Kowalski', '3A', 'admin', 'admin', '', 0, 0, '', 0xffd8ffe000104a46494600010101009600960000ffdb004300090607080706090807080a0a090b0e180f0e0d0d0e1d15161118221e2424221e2121262b372e26283429212130413034393a3d3e3d252e4348433c48373c3d3bffdb0043010a0a0a0e0c0e1c0f0f1c3b2721273b3b3b3b3b3b3b3b3b3b3b3b3b3b3b3b3b3b3b3b3b3b3b3b3b3b3b3b3b3b3b3b3b3b3b3b3b3b3b3b3b3b3b3b3b3b3b3b3b3bffc0001108041a041a03011100021101031101ffc4001c0001000301010101010000000000000000000102030405060708ffc4005110000103020501050505050408050204070100021103210405123141510613226171328191a1b1071442c1d1152352e1f0336272f11624438292a2b2c2253453637354d217263544649336c383a3e2ffc4001b01010101010101010100000000000000000001020304050607ffc4003c11010100020103030203050704010500030001021103041221133141055114226132718191b1233342a1c1d1f0061552e1f12434536272434482ffda000c03010002110311003f00fdc501010101010101010101010101010101010101045e105754831b2089faa06af9f088a39c4131c2007dafbcc14368d6410646d6f3416ef391602c86d06a44971b21b5c5433e482dde00403374548708f44094121010101010101010101010101010101010101010101010101010101010101010101010101010101010101010101010101010101010101010101010101010101010101010101010101010101010101010101010101010101010101010101010101010101010101010101010101010101010101010101046c82aedae5041b98302511574c8236082a24ec22f282a5e00937e55455c7dde7082a48008131e68839e347841dd0da85d036b4c1088d03886913b7508bb436a17343a4dbe484ad43896e9e6375157152f728bb5c3a086f251574040404040404040404040404040404040404040404040404040404040404040404040404040404040404040404040404040404040404040404040404040404040404040404040404040404040404040404040404040404040404040404040404040404040404040404040404040404040404040282a6c82bc4cdd055ceb6de488a98bcdba79a0892e7188005ec88a4c389240baa28edb9f30888245e36eb282ad00b0c0237dd5446a9dc011c208710440041088b30f88036bec1458b8a81a4b89d82697636a180639436d69be4ef6951656b4df133b4da5163504145250101010101010101010101010101010101010101010101010101010101010101010101010101010101010101010101010101010101010101010101010101010101010101010101010101010101010101010101010101010101010101010101010101010101010101010101010101036404041526374105d1b5d05350116d9115790207541524091171784464f738b67627e2aa20cb6491a8cec8285d1d41112aa280b412473f2444fb4d305050541626d263d1349b4986ce9bc6fea8132e706b63741600120116775455da6c09d945890ebd80ba2eda1a9e302660728bb69de917e0050daf4df7dc1136ba2c6d28a80504a02020202020202020202020202020202020202020202020202020202020202020202020202020202020202020202020202020202020202020202020202020202020202020202020202020202020202020202020202020202020202020202020202020202020202020202020898411b208d56941571209e24744451cf8786f07901136c43a2e4d8da3aaa8a97f4237e886cd700dc1944dab20d569021a3e687ca1cf697dcf588eaa9b51e4106f13c422549b580bfd101f660931e810acc99377730469b2a893278b458a8226492de91b2a24980d70313f25057599313038015369659e09b83b470846cdb001a624c9bfc94696703613ba8346121c5bc1128b1bb1fc796ca34b83a859156082501010101010101010101010101010101010101010101010101010101010101010101010101010101010101010101010101010101010101010101010101010101010101010101010101010101010101010101010101010101010101010101010101010104708250103640080805046d741427e03644417089de5051ce0227941993aa49e2dbaacb1913d4b5119ea8005c1d8aa8a35d77b781b155106a1f1979009b26936a9a8d0406c03bc0e89a36a97cd8cebe785749b4f7c25ba401b0534bb4b8c9d4236820f28235b41d3277884d1b0cc449f4940a6f699d22037aa689572f7020107e29a36083b00e8004f4412d6df49807a725152d76925a776dc150dace716d48262627cd17e57d675006662c8bb6ad7c0b784faa8bb6f4dd0d06546a35906e115640404040404040404040404040940908080808080808080808080808209e1001412808080812808082ae3c20a824141a202020202020202020202020202020202020202020202020202020202020202020202020202020202020202020202020202020202020202020202020202083e480104a0841280820f441571b5ad051191781aa37e420a0aa49737690aa6d98a8620dc0ea89b55ee17208b7088c896b6e262f655157c5883e521118b8b837f87d0dd69955c4c5a222d744541825c019303d104921ae241b38a0a3c08977c46cac4aa0796104dc2ba4de9a6b1034811b594d2ed00f89ae067a041a6e751b1b080a34bd817438c70a0b48d408246a11ee454bdc0cbb969b4208362ed46d63082f51c001a44b62d748b560e90d3d3a28bb6ad7074c81eaa2af4c81026dd7a22c6a1f16f9a8add8e06dd11a590364112825010104209404041573a05a1046a9303a5d0402244ef088aeaf18e04a06a2d75cee8275dfa20935237b21b48703b7c0a2a7547a209042094040404157140162821c610435dca22494548308241080ed905650581082764153079400dbdd0590438c041406111a0d91440d9057520906504a0202020202020202020202020202020202020202020202020202020202020202020202020202020202020202020202020202020202082820a091641280808284811ba0c9ced33241211183dd235c8306f2156557bc389b88e4a26d5b8791020082551479304800c0301119d4206abdcab12b32eb9902267d156599700cd533f14d26d9ba1b0e6905a4ecaa21b5cb406ba2e0ec15d24c92c8f1cbac058f4504bcf81b4dd21c7e5e490beda6332765a640e3b6a33ea9a36963ce913b2962cab36a432475e784d2cad8d480e20824ace9ada410088b117b0e10683c5ecf065d21450480d976e378f720bc680e07622de68bec865bc422c36423a2912205c41d8acd6e2ed24b6245c6fd1059ae0081f00515ad37411369f9a8b1b35f260846924a00282c10101010438c041471fa222a1daad3b7281aa37411ab68e76b20abc933e5c42220d480277f2e10d84c01cf428203a08b8e10487f36f44366b2640332827bc1713b7086d20975e6e101b50837d86c5176d5af923e882da845afe88a9941044a08da63741526e7a7544036114f3b5d04db69ba045d049747a20a3809f24444dd04b9f780413d10666a01ca26db31e0b67a234973dade506751f3e1f244da81d004da511bb48011a5a6f0821db20aa096ee82c8080808080808080808080808080808080808080808080808080808080808080808080808080808080808080808080808080808080805021010101051ee2008418d474419f822566e3a75102c4caa8ca49162409f8f9232acc35c00921514d77f19000e1136aea86ea236b9f35518d57111ae4446c158cd2a126045b5444a42b075a0036baacb2a8e2006920f9cad466b0a8f01d6370b52316af4dce14e07bca97dd65f0d5d5438d9d3ea3eaa6b4d6d9f785a1db831c4aba676a789ce9040237553ca40717785bea1434b174384fa5f82a6976d29bceb10e37e7c92c6a5f2d9951dae7481d5674d4ad1aed41ed04f8ae0a8b2b56c18693c4851a4bb54cbafd04edd501c4870d000f09bca2aee7c1bb84f9286d66d4708813ca6976b31c41eb2660f08b1704eb363a66ca0d854241eb30a35b6cc2604d9140417003a4a2af3082414104808285de6888922e459057706f798df7411260c1b20abde4360faf9a26d127c2e8bc46fb20a1791b474dd54daa2a09de491f144da05431bc421b4821c74b6fc04112e83e682454304f316bdd0da7543498bd91760710e906dea824de1a4efb4941663cc4d819e10d81e74c03b21b6cc79813f251a9506a8d504c043687bc1000b8436a974082200445cd48128bb5751264f4415154eaf72a9b59ae247be2ca2ae1c39e1043dc1cdf0fb5308332e88d4448364454bad208fe1546527bcbfa4232b1a8e0e6800473745da1d564e9038b792693607bb4da27800a1b49ab03ccfd1346db074817000bc28d6d60e3aed725003cb45cefb5d0d8d76a20ea83d1176bb5fbdb6b20b87028ab2020202020202020202020202020202020202020202020202020202020202020202020202020202020202020202020202020202020202013082babe080e20028307bbd9998e11193dc5cd307c5d0aacd652416c01b6caa29aa29c9161b9f344665c035a4824f406eaa6d500bb51dbcca22b51e59781e6ac896a8d700d874bb9374142f035dcf3a554db225c00bb6479055960f80010765a8c56137122f2b6c36611a6403bf559ad46859a4175f49bfaacedad6947020e92208b91baa8a88061c09b2a8386924c98e3a148546b910e1eed9349b3bdd3c1f2baba3b9a32b4bf6827727859b8b532f2de93b53dae2045ad2b37c352b56bcb9b730dd5fad946b6d8b84de01741f459699eb0c0e0d04f43365749bd12e3c8bf05048716b834f49b145db66be1b69b6c67cd45dac5c5d1a1c245cdd45db56ba609da67a28d37a6e8117899b9458bea8968b4ed0a282a41d2378dba21b5838811b98d91546d627e3ba26c2ed4481171628235b800003fcd0d81e0c16fb90dabac09892395515ef1a4c0313e686d5274b4cd8c84453538b9d604911d15446a1178b20a3ae4112111604d84837454ebb4ec364368244cdc02363c220c241891051626a1df79f242aec7cead43d2ea2ca38cedc2080e2e008841a6bda23c8a2ec35224bb6e850da1ae0e83d0c5b841a93b077588f34509804136f2415e7633789d9052a0f0409f344ab131a8b205b6415d6035b1b0b7aa1b55d51ad20804f583b269368d52266f36f354da8e78130398089b40741d304de23a21b644cb2e7c42d13baacac1f2de01022c9a5d9aec3413204000ee86d763fd9238125436bb2a68899bf9ee8b2e9a9791651adaa5e75981e501136bb5e1b01c6f645db469f6bc8a8ab888de084568d718bee8ab8280808128203a5046a84105dd364105f69036402fda084435811251521c6c80d7da39413ab81ba06a81e88266c8265041308224a0906504a020202020202020202020202020202020202020202020202020202020202020202082828eb02888243627e08337ba0d84ca0a17100da402aa28ef1bb54081d422321a400e333e6aa3271306f31d47c55650e1a7696db70832d6e73da0fb2ededcc2ba676c89b09240279e154645cd6b4e968dd5451ee2ef136ce03956334b1009361d47c90626c19175a659d4bd471b0933056a7b337dd6a3ec3fcc47a5d4bee63ecd1d020874daf3c9596aa0196113006c6153e197785a62f1e5bad698de9a96dc748959db5a51a6d3371cc2a8c8d83a6c46cb4c34654ea238959b1a99243dd4e2e20ef74d6cdd8dc5607c21e4341da7659d37dcd59544990d8dc01c2ce9a95624b001362145f64b0cb09367580459ec93e16c124ff9a09d50607b238086d7914c4df4fa28becd1ae90d007e2f828d4ad1b5480e037534bb6a6a18d45de5646b69ef00d24f02e4f2a68da3598d3a8cf9fd1536b6a9060696c6c14063dad2010260a1b4779e00ef3e1346d47d481a9a046eae8b599aae0e10783a82ba67690f1521a2d02f22c14f637b54bda099e8ae93696ba2e099210435fa8005ba5d29a36a9a9037248b268dad21b53481ef43e55754124024902c9a4da054759aede65346d46d583e220157492b51524ba0eca69adb407c422c008d94543ace026474ea821a00b6dcaa45dae02e008da3a28a39f2449086d1adba46806e79436d4bdbacb664cede48bb4b5d260811bfa28bb598e25ba8c91c2112e362edaf08ae72e6b00822637d9563d952e9f64cb76f72a2ae74496983f544daa6a38b8b4925a059349b564d89710381d15455c40b8993ca0821d1ada0fc1043c90c92e2647c512a69bc374c88812212aca96ba069e4126dba0b07820c807c5209e89a36d1af6c122c0f0a69adb46920016f51ca8ab40048326fef417a6e973e20428b1bb608b6fb7aa8d2438c08b1e210682a0323945dadaa081c229aba5ba20a93bfd51105c6f7df64152eb34ca082e9b1d90439e43b6f0faaa9b46a2d10eb0f4dd411de4b9bf1b2a6c0f3dd8da677843697bb721c2f608264071b18365048b8001da4a09d7e1ded6454b6a34cdaf086d6d40069240f2416455808412808080808080808080808080808080808080808080808080808080808080820a0aca096f9204208713f85067576b5c7289593eedd3c83f00aa2963ac0088aba5c6018b7288ce435ad6d41241b95519b8d809806c2fb2a8c6a3e445f907a2b12b9dce31a8132385a619b9f36245f995749b54df707d111424016b73655101e0d89b1f25746d1ab481cf44d23225cf200e4ad7b33ee9638f500cdfa42584a973c4ea76c4f55242d35c8d205ac774d1b642a06bcb9c015bd78d31b68dac7fbab3dad7732d4e33124f92d6b4cec3b9d42d16e2e886a88891e69a36079f8268d81d06c2f29a36da93a5cd2eb366e67858b1bc6ba18e23ca79958b1b95a34c3ac6de6a34b3482641b4910a2a5fa751005b8485493e1d3b03b4a2a5ae738093717b74436d5af25e0bc5c18ff00351adaee7eaf1081e20a2ed66543044f84fd134b2a8f75c448b4fd512d59af96dddbc04368ef8e92d1ed4f09a36af78e8bc4f45746d56d4d2d708e21349b436044dcc7f52821cf2018b789136b0aa087030e1c5934bb417da5a2008944da9de69f33b85749b482d2089b09dd0477a348b8005ac364d1b0ba27a02610daa1c049006ae26f7444874b84479c8845dac5c6992044475d917d97655d01c2049eaa6965d2ddf03aaf078b268dac2a0713333b4a9a5da81db46f3d554da498200bfaa8a875524cb40d3ccaba4dac090e1b169f35156654d45a0903ad934b2b6154358401707e0a69adaaea9adce00c7b9349b6551e1d01cdb81b85644b58973846c06e1699da81c4831b01f34448790489b6c24ec9a36170b438eadfc9346d2e7007c40f984140fd22db729a4da1b2444da2d7543c44418db83d1059ced665a0401ba82cc7da4702116501d246f0a0e9a6e266f69b28d4694ce999f50472a351a30116744a8b1761bdbaa2c59d00126371002090e00dad65157048d2771d104ebbd9b051761b5c9f2b2082608bdf9f441424440215455aeb59110e209870bf3e8820cc46c45c2080e248fe29d9112d243a607bb64554987026d7bd9112d791e1267a21b1cfdc89436b01a80ebd11570ff088171d117691525b68f3436b0790c2393b0dd41ab2a0989e3745dacd7481d51564040404040404040404040404040404040404040404040404040404040410822100d904cc20a13137bfd1064e201e801f8a23373606900924aa8ccba09311c2221e45c5e059a88ce2181a751fc95460f1a8e9368bc95a66b3804413cec384473d534c3481207d56a6d9ba62f87111623e7fd42d466aad79020931b0055d26d0f7fb26fb424896b22e2091791cad699d9774076ff34f63f7a849d3b582ba4daf1022667851517000201f54456fa8075bc96914b920c4124aaca499b00640f9a6854ff5c22540983655033245e020b341e0dc295625d3aaf6f34856ad8eec3844f3e4b17df4dcf66c6226fe71d565a5fbd697081e28bd94d35b68c70376c9859b1656801892001b4f451a401bc1323a2a204822c7de82660fa6ea0d9864c0bf2146a0e7b8911323a21b51f50b87a7215d16a9aa078775536865582351716f20184d24a0790354efca68d81f13ca68d9accedb5fd5346d06a7877906e5346ca6e2d04f244254954d6458ec6d75749b41f09dec8243c03790237fa268daa1e0b6ee804f2ae936130081c09436b6a17066444428bb48780413b6dba6976b1f112ee2362a0075cc0117b21b4ea887045dacca846d242962ca92f930480df2d90d8e75edc0b4a0973e41699d448bf54d1b012480441880211521d0e006c2f7436779700ece29a36973f56d3276517697981026079ec90ac9ce9806ee16f55ad33b65aafe8aa6d25e003048b8f784d1b3c25cd82646e250583bc3bc594101c04c9dd0daad744800c8e8aa6da46904380248d8da2ea2aa6e0100e936f44163e1f0cde6d1c20bb4f8482d9770a34d29104824f887130a558bb5ee810e0245ff00251656ed7ea76a68300811d146b6d5a04020cf52a2ad323d9b1d9140e21c48f681840699823fc9089d504387c905a6c206e8a8791631e885503da09dedd5136ab8c01a6e09dc2229af699e554da0d4116911ba68da01970d3b13280d786ed6f3436b4971769990821865df50845cb807cd87a28a6a0d0003b9dfa2a6d70481264802d0a2a000080e3cefd51124c03bdd156d65a0b80881c21b6cd7068b6c39f351a68c71d224113d505c19454a0202020202020202020202020202020202020202020202020202020208261009415bdd051ee8b1088cae7c2fdc9e154412666264f5419112645badd114754998063cd5d26dce64b811b79aacb2ab058038f3b7456256759e5d2e6c5fa70ac8cdac5c41dc1816bad32c2a1022de8b519b593a76e975a8cd4412038910806e646e1128603c7895f83e526440ea7a02a0b31ba5de2b83616952d5915778c002c00b472acf097ca2ee04c04f6451fc18d85d6a33500120c032811204c5ecafb269416e91d255650e2636dfa2b0a0303cd346d61b5d416a64b1dbc2cd9b5c7c346bda22d0b3a6a55f5c9005af3254d35b6b48fb8acd6b16ad7441e48f5534d4ad350612205ccacb5bd28c8db85520d7187100127cf6ba12ad324c9000f34555d52f300109a4daa5e07992ae936aeb00895746cd500902c7e886d72486971208d805159b5d02c6c0aaced26a49b06c0f2e1346d571922c437a0436826440b7544da0bcc9076f25749b417400db590d8d7022f3329a36b0de0098e25155331b222cc74d8400370962ca6ad4db980384d68dafaa1bb11c755152e7dac36039534bb01246a31e610351000163d421b4b5f7ea3cd34bb3500c317f3436b0a80badbf0a69769718b1dc5ca0aeb23d985749b58bdae7971dbc829a5d8d78024133e9b268db373ae48e965625aa6ab824cfe4aa6d249324c1940739a09b483c9490da3534749ea825d546c5b25bca68da43e4885346d6221c0c71d6105c91de125d3d14f869493a5a04c7225545da590438927830a2cd2e5e0b492620580ba9a5da58e25b05cef7211a6b0008998d94d2edad32e2c1c09f128d46cd7080640912a34d84c5a14543a408bcf5e88209816b1282a24691d39e8aa2d3a438022fba8aa1747b56b71c2a86a0099f7a0cf5d81036dc2ba4daba9a6c4c4dd119ebd32d2aa6d2c7784c988da108a6a868d33ba26d60e3a0c1b8dadbf922ed66d41e438e8a6965038c8bc922e4a1b68d8d526623dc8b171534c08e54d2ed324fb43dab084162e044002e0ec514320700f3082d4de4bc983110a12b60e9220d828d2ed76f00020ec8ad9aed85915640404040404040404040404040404040404040404040404040404041576e1040e838410449f3f5415746fd02233744920c9dbdeaa3373ad3611b0f5418bec1d627f9aacb1a91241300dfd158cd66e20340898de02a8c5ce04f88004ccc0e5545481aa204792230781060db6d96a32c1e64ba047bd6e3159923755950921c6656b48b03205c46ea7b285b2e00106364d9a481a5d3a8823a287b3471004b4d86f036522d54b5bc1008baa9a55c62436e0a4895465ae765aacc584011c5ca8acc82cbc48365af767d99c0fcd699d2c4fe1f9a9fa9fa25ac26e7fcd37a2426240021412d68240267d12d59121b0d9214d9a5c1337e028d46b31041e165a694fd8236812b35a9ecb825b0239dd4546bdf4dc4f45746d06436c23822110240e4a0083d74efb208311ed1ba0c9d3ccdb65a8cd5c543a43247592a6977f01322e63908a8e20c0f76e8834cfbec50351d133a4f44d1bf0cc9890d5a67680483e886d04f4553696921ca0b0749b193e89a5da0ba401c6e9a36133077416697366247451624990515626f0609f20a2a358dac9a3696789c041bf4e89ec454933e1e15122755bde1417692498991c46ca2c35c5c1bca68daa5f324ef30ae8da054205e4c14d26d2f758007cc4a45b55d5b41f25749b266208f44170444412028acdc444100c5ac375625376c80447c1100e8078d5d101b00dd291b0d4e1d606cb2d849812d3e48241f44121c06c4ded0a0b4c8e04711ba2ac274f928ad1aed22f246d33b0516366fb1025c36b7551a68c2584c1b75faa8becd9aed22040036851a681c24b4823a7928aa9b3b51e5515122df5444133aa371ca0abef0411e53ca22a4c3895464e3a676b8559f666f70369d954a8b87002dc6c82cd3a5a209276b2829aad036f2551221bf8ac87b21cf9064edee4d1b4ea8179d5bfbd05daf86b4f205946b6bf7a0982620fc5346da31f2412eb81fe4a352b469d502de1123d54559d704969da4203498f0cc72108b89020717b72a2b46bb79b708bb68d7dc1fc45456ad711e8115a0451010101010101010101010101010101010101010101010101010410811082a605f64193a4181b0e111536060ec88caacc58db7552b07bc171205f6559db0790034cfb9699ac1e4c35cd303985622af73438b8c904c495626d939e4120b86dc2ba676a3ea92e8d842b21b64f883613c2b19acc8993b740b4ca1c3d9365622924086cef2aa25a483276e14a4589920defbc045a07c0b00029a36861d2e69d44c2b52784076a6c1e135a36816803da99551506f7b0574838836dca4f09558009955126e1aa7b032ce8e7856fb24f74863a5c22ca6e2eaa43a08e348e5346c6da244ca948bb6c04483b952b51769d4604910a55956d8093b4c9514698ded750dad7717681237db643f72a5e408f3baba4d93e5106c86da412069b08e165a47107ad9519d59900fb958950082de04ed289b5c787a8b151af64132204dad0aa2bacc012641baba36a924c9738a33b1d70637482a4d81993175515930348b1551692041b09d870a2820024ec826d024c7b91571e82e7a28b1681a4933aa6214687120363a5f842aae30e3b84881001b193e6210449004183bdb854dacd37241ba8b2a640e20f1ea8bb575b81faa6936af797f25749b098f409003ee6363d5346d7240207928aa3dd041160b5225a35d0e8b89929a36d24fb5d3a2cb48d5bb493b084d26c2408bf89050902d693b2a8916740d906b305a05e37f359692d9120812a2a7cb88e882760001c2091699e88ad013a40e2eb2d2cc0410636b7c508de9820093b7459adc6ac717100588b85162decd8fc38455c389736f60145598e0469808452486b838fb37441ce904d811628333a858dc812aa281ee7376b72aa6d5778813262625114e440078f5f72a8ade64df94117931bf175512c3260c6c54589b10d326db59051c67c80562049706defe68264ec7d50da5ae30008dd45db46bc021b373e6a2edbb1e4b6c77ba8d4ab31c0b841361ba2ca6a220f24a0d49316b11f251a68d7082e2d310145daf2750008841a31de1040dc5ca8b1a35d1627d115a37608a940404040404040404040404040404040404040404040404040415282a499221114736e4c8b744142348b6dd107338c4cf1ecad30c2a197968da2feaac66b9ea431a5b336d8ad466f861aae3cba2acaafa84dba1b5b65745ac5d66174ad4f765982091c05594ba64367748aaee4b62e369551991e28bc9d95f863e52e906f33e9c242a090d02226154de952f008066d684d1b54be7c31bee42d6be537f0d18c3a4c3c42cdad48abfc2d8106378562567a8de4c2ba676879dafbab225407759df74d26d6b70a2a249001e15f113cd01924cc1417db6b2c8a8326f700cad7b22ed203848bacd8b2b4041b5ad7df7596b691a5b249f7279a7881220c7c254d1b4033cc2bec1aa5de43aa6b49b403107a20d249f4f351ad8c7726774b0952f7c0db8ebb2922daaea989136dfa2ba4da26627a20990eb8f429eca91048e3c8a82ae3a62227cd5896a046e793c2a209811b222090389b2b2225a76e3dca558a9bb6dc1567ba5f60444936422d23c2d3d66426be577f09368b185156a874b63519b2922dba503f724dfcacae936b87101c0da4ca8bb44889e504b6263cbe0948a9700e1633e65593c1bf2ab1c763b2b624ab020c92678b29a555dd4c7b9582b3063a2ba426498b0e1349b58b8b4695245d824de10018316b84d2b46d84123e0b35a88220edbec883a2c246e905264927d16b48b023d9120a82418f089beea2fe8d06f0145589988e8a2ae2f12a2ad70d991e8a34b32e240e508d4136da0470b2d356f86db96cfbd46bd86b8f877b73d50db591123a5afca8a34ea3a9d33d020b8a805c1e374d2ed01d0d9e9c944daa5d311b20a6a97b87244caa9b51ce1a748dc6e88cf5f84c6cae93687690cb036f3baa950487090481ea816de4c0108229b8870e06d74a92ae1e2d33faa9a5da82002e055455ef8327d5590b5671b988db7500033bf9d9152248d40f3ef41a32a1988dfc94d2cad18f3adadb4917534d4abb0e88bc9f3d9458b0717189302f6436dc18b18f451b6b040995152d2009d9b3b20d5b20024da1456a1d0402422ae0ca2a501010101010101010101010101010101010101010101010364105066419de2c88830e6da1073ba03ac644595464e314dc43848168dd567e1cf524712393d63956335cef7788ba4981730b4cb0748f1802264fe8b53eccb270bc362d7559ac9c05f512b512a9a1c08816da55da69225a24124f40829b0922eab2bd4f0b40d4548b599b8bcc7455964ed20da60adcdb374ac438c8322e55df84d269e90ef108da252ef4469243bc23d0acb5b665c3e3cad6ab3b64f206ee106765a8cd413e29168d95448d8749505c588833d61452646e89b46c401cec51160e22c76534bb5438c18b4f45ad33b5a40b82654d1b5d8f04413079b2cd9a6a51c4130d04dba2927dcb7ec080ed20ecaa26609036e214d2ed66c7b94ab08e3741630048514682d8e7cbaa13c10408d3ba2e90666d6444b48d5173b8d92fb2cf740f080019bdd3dcf6691e3f11e6c14f86be54f3079b125545481ec83cc0550325b33e49ec2a0c3418133b2a892d36b9b7c94d9a439c0b61bb0decac85a9b1b4c030a038100c8dae252146bce899db856cf24be15d522f3309a36004098545da488993ebc2cacab39c23a792922daaee2dbaa8cdc637dd6a222489bc5a51160486ee22535e5ad9acb8989535a368711a2c44ab3dd28cdaf23dc948bb7791c2cd6a2c440077eaa2a0ddca8888132420b13e9b45d4105a41b024954d1602c2fcf920b104381dfaa9bf06bca5a2c214ab176882002a2acd22e3a2956351001054692d106636b2845c40db751a6808e5f7b428a90ed25c5a4877416413aacd8205905b519eb1c0dbd517689b8738c122494166ba7c245c090a1b40a84170771b268daa5ce8870dee23a2a88d7a4982757484d1b54bb536090d2278e554da81c24585be689b3502489b21b54385c79aba4da66ee71379dfcd0402483c81c20b39d0200e39375176cdef1005adc0e16a466d4f00182a2ac0481d0a28048b1dfc904b4e97b5a0c816dd43d9a31c3512edefba8d4ab309e378dd089638922099ea8b1b52712d0e69dd66b51b0274b605cf5e1456a49209930070a349a6f820032d06f21095a82d17241469ab5db970bca8abb2c05e6c8ad101010101010101010101010101010101010101010101010525044dfe680e6cc75088cdc64c5c20c9d3788b7d554624b486c4f98e8ab2c1f07c4d99008559ac2a43490d8d31713756335839b00c124136bad32c1c24c0dcecb4ca0743685450b4da088e6e88a1700fb4c6cb5a676cdd6ddc2cac6525c4cc88f7426976abb882267aab118bb7badc62a1f076e97489559bde6df35ad26d2fa836248b5949896b32e04ea1365b93e19daad8276b1f72b48b4117e23959daad6f0f4504496de085749ec34dee6c9522d20c03f1534bb492a22a3af45a4483001444ea9dfe4a6976b354a401de375346d61b8f451a5da4091b8f252ac3f251576d882448178516248b92a2a0c46c67cd514da475559262fd39574245b4c7c4dd4693aa05c5fcd4d1b44dc01baa285c07acab226c91723de1109317e36413110014546dd154044748f9a8a39c08b0225242d5413208b05a6407994169b891b2cb46a311364d26d04c586c5581300420a1bd82a87e42150066dc268da3826d128060986a41660dfc4a558d1a741322d3b2ceb6d4f04da03a610019b0455c19de2ca2a47120a8a8f31cdbd11168022f74540917363288b7b27c2545f6599c0989ba9562e2ea2b491324011c28d27501ca86c0e8f1043696986807645581b93bc95069cc91f051a402008320a227c3a609b81640075419870ea80411009817121050c8697090aa2aeb0fe688cdceebbad699b51a8c7a268daba896d95d26fc05d3201bfaa68da43e441b829a5dac09b95142f874c094d1b6637f35595c28ab9830dd53ceca340709d29a36b0defb422ae1f0d8006abeea69766bf108b4268db4a65ad83cf214ab3c2cc31769b7a22c6d4df304cced11b2cb52b60e25c0796ca34d1a6240304fd1455c9fe11b5e115a031771def08abb490f93ecc28ad9ae04045590101010101010101010101010101010101010101046c8082b10802dfd6e8209237f920c8b81b8371ca23074ea276047c3aaacb0a9201734f8b6165633595586c0ea356f0ac4ac4e87165bd0f0b4ca8e60b06b81813ee4da562f8324d80e16a335954249d5aa64ab19b59480df32b4ced9bde6656a466d5045f695509d3e76f820a3dd2448827ca16a44b542201d5bfd15fdc8a38c8b098e56a466aba9dbf557519da1d2492e067956784a8811baa2a6d0aa347102c3a2c46b69613a408ba5f720e90ed3b5927b6d116916544883b28243bde9a4d877443600754161b903fc94a245c1066254ab1700408f7aca82c3f3422cd16f0fbd4ad44f33f1505fc408b474953c35e532019d57ea429a545470060131d7a2b225ace24db7e8b488d27541903cd5da6905d6103d534bb589989db751768d67448307d55d794df852db1f92a890279dca82e24981c72a35000816d821074026e2de490aa5c881b8b2a892dbc9e89b34adaf079b00a892075300a9b17907791e8a2aa4c5805749b50c9dd6994875a0594d2ec13c2069006e7e09b34a6c169103733b754489103ca5162c44483c2cb438d80e9c24120c7b9343402609b0e8b2d2d045c9ba8ad0d80f8acb48bcc5e105410011d3655120804dc903940e49d5e225059bb44dd4ab170eb78429a369077312028bb01e9086d6b9e6c8a9920dd41a8b4f928d2d25d17b9e1469701c65b1b091e5d5410d826785459b045c8007551552ed2d0779f3d9349b51ee37bdd5919b599744342d6937f0c9c6d6558dab2481755026058a06af0dcc184d1b402459a7c3ea87ee355e5346d25d3731e48bb4078164d1b6ac7800eca69a952096ba4fac150daa1d72ae936d1aff17aa9a6a5498b9076e8a2ac0ba24932edfcd1576c1811706d7b28b176ed1227d5458d9a7c24111f9a8d34a665dbec25458d98e6b8492019d946a2759d638e1176d69c171d4428b1a9710e6f436211576bc482600e1456c2e2e8a9404040404040404040404040404040404040404104206c104130820db6b7aa0c9c0936f84a233d5a763bf05546550c752de07444ac1e23483116912b4c562e797b9fd1bb02aa6dce5f66826de416b4c6d471d5e2060346c8959bdd24926411cab12b12436649eab4cef4c64871d42d0b6c337983026db4ad48cdaac8300aa84d8826c8208066c7a040736e41dc8494aa35a04c895ab5954f45591d075122e1585676995a6501c419e7acaba4da41045f7534bb68c891bc8f258ad42e64c4aa2a4445d10d9541a237e52d4d2c06e0f45153c42225b1a4052fb93d9768b2cd6a2fd616548ba6cd2c01d871d146b4bb5a34dacb36f95916886dbafc5455071e5f25a455c3cb75625898e912a6d74888b8b2a0e6df68f44957416da7929b34a96ec02bb4d1a13668d13e109b35f098da370a0b16c41f94a6d74a381241e2558cd08d364546d332888fc562072a88f820917038080e6c72929a54aa8794222c2e768b428b11b6db2a2a6795502237e4592510409f4282a093b92b5ad12af11732b2a90d976a0a6fc6974d46fd679586d60601054536904206e224c040b1b2098b040e3cc9412ddee529123e6a0bb49b710a2c5c1e63651a48022ea0b69536ba68cb8f728d459a2264580dd162e5d14ced24c28bbf090236361d10545adca22ae69682db6f0aa5f1e18beed3d558cd53daebb2acaaed8102202b12a06e09d95153b591020f2820992446d6551701b00891e4a35e14791160ac4b46d813f042245b6e2f75151fe121544c916902ea2ad241f2f24166bad651656a1d78e0059d37b5c1f0c4f32a2aec82608b0332a2c6e4ece827a80a36bb6039ae37101417a71ada4edd651a8d6d01a01b936515a532d021d7ba8b176cde0ec115a37c378b35456edb44a34ba020202020202020202020202020202020202020208415db6415240e111999980469f3419db49d43d7c95466e0749bd9118d4209e93b7aab19ae67bec05c988995a918b5c8f76eb718acea1910078b795633540f8690242ba4da8e870dbd0ab3c27bb22d99eab5b62c51cd3abd98f25adf84d79579df65509f0891ee411692078639dd106ba041871fe14b0954738b6d36e92b526d9da80ef30b48b4c0708dca83331a6eb5f28cf68f9ad32b1dc01bf082edbfb4b37f46a2d2e2609f559f117ca2206caa0d6c94b4d262f3784dfc26937014120722c8696688f459ab2356b60413f159b5a91702069131b9b2cb5fa0d1632109160d3022ca6d74bb5a2e66401f1536d481227c3b208b585ae8882ddac9b34b777244726fe49b6bb5229c1d94d9da82cbd8dbcd5d9a1b4ec3a729b59014cf96e9b34777781f24d9da834e1b2426d3b54148c5d5ee4ed486c18226c9b34873384952c54b2401b15769a0b2f7dca4a699b81209020ad4a9552368f82ac82c4ccf922adb36f375044198379544c47eaa0aecb48b00ed276f253c1aaaf4b5f75454492d0498e15f667dc740698291521a029b58b345b9851a89d2386a9b5d2d041304c4a8a6e76bf5417376d85d450727840160605b641637788d94f85f900265c104e8366932a6cd2c05e05905c0b4c730a349360a096c06f43e68a99d313e8504b5f26d6534bb5a666f7505a46ab446945583a2fe4a2ed049bcedc12aa337124cc44aa95577e96289516689131d2554f655d11026389e112b33602785a652368364557669d40caac84411b69e514b4183641424c7905596844188b6f0b2d877023cd04341931b728446d36d9544c9d3b980a0b35d1f04d2cabb5d300ace9a95b34f1368951a8d1a006d8824edb851a8d06ad305db28d3560690438126d07a28b1a324b84c93c5946a27c52009906f082f4cc38e93277b28b1d21c0b058cccfb9469a030fb4d9455d848f68dfa22b56ec8a9404040404040404040404040404040404040404106c1067204a233710019f8a0a121a634883d5545496c69da3aa23271b96aa8c6a06026f2d17f82b19ae6a8d31020f26eb518b1c8f8320eeb518aab8900f86e3c95658b8b636bf0b519b51ec826365455c40e37ea911155b0e2471b89571be12b202003c9e16994bda081136494ac898369f7ade9850bf5389da38575a89bdb32ebd96e4676a92362ac125f160a769b439d2206eac86c1d7a222e22e165a5800479f1653d848e3e682d61c2cb4111713ef4da277e374101a0fb937a4d2c1beeb29b5d34a626c566ac8d182d737f359b5a9168036077515204993d5454b4907c9089900737453c900007dc86802e09459176d86a02eb2d45a06dd5174698808696d311a7dea2e96d0220089364dae91a62dc21a4069d90d24320f8dbb1b884d9a052bd9369daccd3f08ea15da6947361a202b2b362af649263e0aca9632703702cb519b14d362b5b674a9060055122f68506840f8f459694740016a328b06de6ea888b44222089006d0ac4aa8126e0c0f256a06e2c905da247a710b35a8b6ed6f50a35f087193b6df2485589d873ba8bb46d1039545a448f351769b824710a2ae041514e7c808416688d9458d1b625c765160cf6adf34a44da470a03889f442d090761b20802f27aa224584ca2fb2755ae9a3607419dfd5346d21f1b29a3690e89d3ca2ec836916e1040837e1109065ae103610117f451c40074fc4ab19accdc0ea16991a4c0206c84a888dcdd0d226042a9b44c78615d7ca6fe11c708ab35d00f929612acd700493b429a6a541223c3ca220c03a444759540ccc7c101b1b0d908d1a45840de565a8d18ee22ca69a9576b8ec7751656ac7802e27c88534d4ad01043b79dd469bb0ea68773cacb51a911a6223eaa2ac00064037368456cd27d9b092a34d1b1a64198515a4d84ee36455d8f06e1068114404040404040404040404040404040404040415718841473a0f288ce416c1b04466e17bf1d554664c0f1c48b6c88cde483e104b7af4552b236d9d03f092ab2c8b8c1d4d3ecddcaa6dccf83247b5b1f45a8c563504789b62b518acdc438ba045a2159e12aa090080082360aa6d52e86d86eaa6d9496eaebc596b4cef481b9802c80083a419317f24465547b460c4ecb78b39302d201e574db088248e9d554416912368f25769a54998ea124369d249f309b016b8082dc9851571b10e110167f72fef45c6c5545da7dc3912b362cabc09bf2b2a822098d9544ec41dc28abc6c3aa8ab8b0d8d8acac6a0f8446dcd961bd9cc4420912018f82286f64448deea3498b4ca1a4b644107dc8b1768ba8d489d10db6ca6d74b06f0440f345d2eda6e225936e14daebecd0b0402378bd94db5a54b0ee6fef5769a48639d12771650d2a4020c832a8b5e417cea837eaa09636fa48824a1105a4cdae370869488224595674a68bf2aed34c5f4e0c15a959b18bdb10b52b9d8ccc032b4c9b0841690081d5455483104d82a8a38f55a8cd45c1dbc954482227950441044eca83ae252152d3700182a5254eab6f6d8a69768d8881ea3aa2ad72091d64a9eca1369e0590580b8b185162edf66c566b7171b0dd454c6c8205b7204a22c0c08f35157041711e50a2ac622d223941573a4894896a9cf3ee55121c41086d76093e120151a8af0756fc222a4c72154dacd263c81d94594102cedf8416d7e183b4dbc934bb58dbd028a8820816da51157130d11042a954737a2b12c1cd76aba42ca874966e4fbd5f92fb286e778559549824aa88e01444dc199dd17d920f1d54505ac105c401b0b7551a4104805a0c2a977f0ad86c88b02498f3515a875f7db6b2ce9bdae2ecb036362a2fc3465f50261f1cfcd4ad468c33683aa677dd4ad4745330cd40c78965a8de93c0267652b52b56384ba07a9eaa3513bf499b20d5921d24784235179836e4282cc366c8456ad4559010101010101010101010101010101010101055d1cf083376d7dc223375c11b2233d6ef65c23a2a9b644b7c20b6445e154621f0407126770ab3b66e20000da277466b2a8e96968106c6216a25ae775330d83b0bff005ef576c6993ef322f32b519aca7c4418de5699dabec9970b4eeaa7b2b78240d95460f712492df92dc8c5ab036b58f3d14d2ac1b713724c0e854dae9954134880664ef0b78fbb17d99e99716f3b596b7f2cebe156081204f556d488a8348047be15c7ca5f0a01798b712aec349fc3329b44ba6d36eb212150d1698f7a517dc123aa80d1bcff0092558bc031d167d858584a8ab40831d14daae06a1e1b2cfb2ada4102d70a6d5600812028ab8e00002cb4445f82764161d028a9020c9434b69d361ba8d696d30403105174b35bc1b8e14db52346b45845e546a4694d8e161768f3dd4b56468da02e08b976ca6da98aeea5a274981b426d75a4961f15b703dc8ba54b435b0677de113482c6804b6c678e889a41a73c00239e536690c01a44c6d1e8a922430ccc5bd1434168fc3b1eb6434a16c90082ab3a5b45afbf0545d33ad4fdad5c72acace51c6f6c4fd17495cac62f1163c745a8c554364c7c255da69024ee76540ee828e00cc2b19a8b9175594b40208e46c948868331b94a408dbaa6c54fd15448b7a04548131d5454b04c01bca9562cd1687297f458bb1a46dc296b5176cf45969622f610022a01bdd11245e0708a9e264dd4161209236417100c97183b80a2a86dc221041902e50473278165501683b20b07585b95176cc88165a652d8b2842fa7f340b0d915a6a3120a9a6b69241d8091ca0110012a0aed07f08e1544836008e11548175515d004df75769a55cd891f15654d2a4116221134710774017b20025b00ec8008240fc900baf0262764d1b588b1d85d455488206deaaa2e2204133ca8abc8b851a694dd131171ba95a974b35e458edba9a5db6a6e3702c3759ad4add86770a371bd22eb08f11e566b51b31edd209ebd146a574304000428d458c45e6c1146ea41b3515640404040404040404040404040404040404041577a5d0644f8c91022c88cde21a239ea88c6a0709227cd566b2a84483f84ef0aa566e33a491e1e04fcd56593c90dda27837552b336a72e3f89567e18b81690040df72ab2c1d30409b79ad33542c9136576ce9471837165a89547124dee02b19aab9a08379916bab2a58a3ace0472acf64f91b1aa2480adf622b3e1b5bca15f941d7bc09e4242b3682d000db75ab632a13724f40b519da34890d1b12aefe4fd1049902db2690688b1d8a522408b7441613b755153b90a0b86c9859db5a4edbf0a0b00202869a86e9bee3e8b3b6e4d2ed116b4acac8b001454b44c0f2459121b7f45366960200e546b401713b20b35b76ded329b591a082208b740a34bb6993a5a37214db5236a63578a2e3a2cb51bb291dc0dfa29b6e468d6f8411bb546a46b51b2d31bee516b38049736cd002220b75024c011d50d23443240dfaaa9a0d30080624efc84d9a5453041f4dc94da68630e900cf9dd0d27bb968036e89b34a5460691076e3748962008124491b9036941634e5a771e729b34e2ab4f497002dc15b95cac72168208333c2dedcb4cc8d3247c1699f6562fe6a9a4ed244745050b6365a959b14d31e815db3a41024f4562545c19930aa2408025450f1d52006f06364d9a07301291a35b1076f259b5b8b44951576b4837baceda91602f63d11a4c00768504c4037f7204189416735bb8b5aea2d8aed6b5b955162e12441009b0e8a68da4ff000dad28bfa21bb9fd512241891e48aac12394447b31d554f657728896df6e10810227f345488e93d020b6db1dd4548078df64543a79e8851b69b4d8404483779bfc51620d88e5111b1beca8a911e5089a43a1c2e3d3c959e0a16c9b7025369a540b4facaa8820a1a22c08410604470aa2c0cfa6ca6b4d6d302f2a03ad10395615130e84f84f9694fd9e9e6b35a8d1a662c546e3769000238e165b8d43cb4880a6976d98f1a5b2049813b2cb72b46b882de022caeaa553c37b2cb72b6678c4c891c28abb5b077b4a2b4163bfaa2ac8080808080808080808080808080808080808208f5f720c9c226c4ca2327831c83d15461526fe7d119ae7aee861d3e193b745a8cd6725add25ced28cb3aafd23f16b6589da0ad48cdac44e99d5636db9551992eb9fe1bdd565582e9d379bc0542c1b7077b04466e02fb89da02b19aa1631a622c15dd4d48a39b126e08d96a566c64f1020418d96a3359b849de2f75a959ab6d1e15155116e8aa28e00580f42b519aabc498f2b80ac4aa5c111b85a422e60ca6c008df64122eedd3da0bb3dab8f259becb1317506804130b2d26264c013d1455f43ae60aced755ab2daad2445d66b71689bca82459b607d5454dfce3f34559b6066405162c04932794503605faa1a5c08303830a34d29897099000ba95a8d9ac25d6959db5a6f4a99dbc51ba96b723a4532036e246c762a37a1ad0d1ec8040841304099175055a006968169b2a20439a49b7920b0b82019e77412d009f4f09b2035844b5d6806dd428692c611100c7d1090ee84de4992536699be9c98d81b2acd8cc31db5c93b844d343ec41307a22b92bb4961d324ad473cbd9c151b04924c85b95c6c62eb1b6dbd96a317c2b16b93754469e22caed3482ddafb26d34a6981d7c96b6ce942d02385adb36208b47c13627cc7a209d3b29b5d06d794825ad8dbe0a5ab22e0011ca8b1717b151b8bb6380b2b13702d3d3dc8a0dc1e104da45ed0a2a24eabed0aa2606d3c4a0a9936844a483e682c4de36414020792245c5cde649dd46a2cc9125a483e4956287792ab288bc220016c843d816b1f5458b11078826c5455b55f6e64a6976b7132a2a3c803ef4403639b6c10d01a5a40dbc9175a562fd4aa9a416cc0e50d2a76969bf4550e6764441b5c2a200b421a0b0f1fa4a4a58a1000da156748dbdeaa34a40117ddab35ac562e83aa62f363b29a6b6ab803716f25633629bdc2a8b35c0c83c70a58b2b6a4e8247b20859adcad1b03e0a34d2491171cc28d3a1a0e917248b9f5596e360e25ba419b89f22a35b5e603434fe2515d149c1a77b74951a8e966d02e3aa8d3416b22ac101010101010101010101010101010101010101066f13e57447355b4ef1d02b19ae7718064fa2acb0d41ded1b836559db333a9ce10474f255952a3444803d3aab12c73c9911e96e16990349243b7e10d000710018111ef44536680760aa28e90446e3aab12a34d9d7f8754da699d43a86a26e05a16a4d25f2e72e831b00b7a73da85c038f9ad6bc33b5a5a2409214f2be229aa08d316d96b5f7677f648d2e201b46ea798be147c13202d466a1cd173691b85652c523f84dd6bf7a209e9ba6913e9ca096fc94a4680da2d2b2d2c2e78b2caaed8904f559bf658d4186823aecb2d2e0c381dd46976c99022165a8b11244fc828a06fc210d2fa6440112a35a5b4c893ea9b5d1b7e8505c7246cdb9515ab3c26393e4a351d54e36b5c7459748e8a6d00023e2a351ab6edde06f054690df6fc530420820103c574158d4d1220fc1108924081cc420341024fb27e48346b46d248908ad0321cee9e5728ab86f863499dbc9412291993bf921a64e635a636089a63a622478a55654a86f26fc586e895cf50083160785a8cd7054e5bbadc71ac4b099f3becb5b63482d00fa7926cd2ba65a0caa9a55e2def5625644169beeb518a8b40278f25510047a26d34b584dbe4a2a48e88a8d3aadc84de934b068bdf8e54db498b4a2acddedf35162c1b0d51ad277e5059874996c479851620dfc21100009f2411e9caa2a0f3d11901d310a9bd2d65154924f455959a6088d828d4abd8030a2a21045bf9aa891ed4c7b94559ad13226f28b21b10420bc00641240e5454b5ae2220428b25496e9244418e1175a446fd38440c81c4836b2069b6a8d90d21cd888dd534c83238b2bb6741005820acee0aa818161c209d882761c2082016906c88c9c24d96a33566180a5581d51b6dc2a0e740d07725493e4b7e102d03955121b7206f3f14d9a59a5d0201d52a69a96b66b8baee8f3e165b9576bedbdc2ce9a95d14c8b41f16e54adc6ba8b5c09d8f4eaa2b4a501c2fe7e8a56a350ff008032a2edd14dd68248f728dc6ec76a3beea2b51b22a5010101010101010101010101010101010101051f3b20e6ab6363a636559ae6a81a4100de7e0558c5650f2086822762aa337e9064366d0519ac6b5c8701a5a4de16a3359541a092db4df656337c28488248027600ecaa25ce218246e6516a85b69040039576ce90f80d33161ca42b10e3a8183e6b5a636a6fa9cf92790b5fb93f7b2226c405af6619b8033611c792d4f0cd535d8c755ad33b5038c836b745ad7c33bf95c3f4ee49693d566c6a5d2d6de77f9a8a8736012e10780aca6940de86474576ce8000b00494daa48874f0125f0690dbd8da12a2c000082545d2f71606428becbb4881a6eb15a8d03c12645f6534d4ad1a2e09b2c351a36d1651a8bd3692c37e54b564f0d348e02cb5a08828ba5ec003c6f08aa3a43809559ad180896edabe8a351ab403c3b56de4a34eec335d0d333a6c07458aeb8c75686c69d828d69040325f04c7c501ba9bb0b0e7a22aa5a4b4037703288682e1237dd00306a6def1f141a86496ea063a83ba2aed6ba6e2ca0d348076454a0826020c1f7749884466604c08b232e627c5a4dc2d32c5e2da773bcaacd725469f147b82d473b190049d424c2aca7409b6c3aa6cd21ecd0e870b6eaca59a6445e66ff5558d3321b2d559d2ae6980365654b153671b58aa9f29d30474e89b348682dbfc913d93b03d5156e0023851511b420bda3cd46961ed11b48517e51b0beeaa0764548b8def280674cc44a8208882554562041f5444824daf1bc21fa1108a9300470878436dec8f72549fa2edbcf98b28d458364472a2e952d86c1dd5da6966031036dd4ab178321a36e92a35af8446a30042a9a69a0b41e01536d692d65891d145917eee58d2606f329b5d2ba44d80e889a4e91aa64422e9af72d111706c3c94daf6abdc9d43e29b3b593a91234c5f75adb3dacaa324980e99bcf0acacd8abd87da3b15654b199136e82c556430664dd044100fa420a3ac0750158cd4385acac4b149326e6f655948326fd3e68a96922654234025b3ca8d07e88ab36ee6c0f828b1b8f0932161d1b5320023652b51ab5cd98745ae09e146a55ae25ad06db941b53bb666f33e8b2d46ac305c44c1b58a351bb245d96310146a3a5aef959469606504a02020202020202020202020202020202020a9e7c9073d56cccca335cb558d74169b85a8c58c9ed70dc81a6e2eaa58cdfc116902dd519ac5f0e6c1db79fc96a3358b9e4975cedf00ac8cdaa0d2d707bbe455fd13dbcaa5ee0041206de6ae936873a400e24f16490b59b4e9d8896ec1565903e1207cd6991de1641e7aa4f72f88c8980b6c32713a6eb718ac4d8cae918536363baa8b824b4594d6aac4b662e2c14ab1adeda8931d161b391f972828241b2a8988b9e78411b044585e4f28ab44e9595598208bc1054b5646e2762775cdd17168b9b28ad2c0428d2ed370008f2596a356c1e8a2c093c1b14540260cf3ba201a0b77368434bb6750b931d6c8b1bb1a490626e36596e47a1405ec226f0b15d63a4784deca3490044141520e9d3c1e610574434b791ccaa2ed69f7c47a282ed6447922ae00000e8825010106751d16088c5e61b3c79a230a8fdc036d9566d733c99035479ad3159bccee608e8895954688993b70b519acc024100a20192e23aa269241fc3e82e8ac0883d2169855cd9b837e15da58a11c9b42acd888120ec8874e810522c65565520037551324011b6c9a5dd058dc9ba0d1a6d7de2165a952361ba2c49e85454cc6d121040b73740b03bee88ac8169f92a9b09bdfa22a018023716dd56525c778b6ca69768044f543712c31ec8f8a525fb2cd2058dd46a2daa11769999bdd41bd364b881d22ea56e4598d1a9a5b62146a45c3097438dc7928ba6eda40c40922d7b29b6b43a9697340da6f64d9ad2053d4e2048f5434914845b7e536697eec81a80daea6d74bb295b49da2536b2351403801d0dcc29b5ed64ea066d33cfa2bb4ed7354a041077209256a562e2e6a94b4da3e6b52b1631730b49917576cd8cdc045958cd0025a018dacaa695701123e28959b871fd05a8cd1a2fee4a48a81007972aed34bb0c35c06d2b35a8b34b403723a422ed0d8eb03d1122ed372445fa70a351b0f60742565b9ecd59651a8b8326090398515b88243cda2e4ff5eab2d244892091e4115bb64c41b28d46d4cda23cf751a8de9b9c5aa351b376455901010101010101010101010101010101041414e4f05051d7b833e488c6a341dee3a0559ae4aadd3ecfe2f35631632a847e2e0efc05625733dc0086d87a7c16a316b0792649e56a3148924da3641474030d74fa2a8873a3da6ba00dc2ba4b55234980d326e0caa9ecc4bb710d95ad33b55f5648983d4c2b314b932713693795a8c551c208246eb512b37348fe4b72b362bc885595813a6c6e2ca34b3604868dd66ac4c1681c206c2fb6c101bc5928b105dd040853d9746dc2098f8a869768dfd2cb36b522cd6f8bc829b591a8bdd65b5c5e45a5455c5c799b28d2c0f880310a0b35d22d63d1458b8dc89dbc94559826c008178458b812d241bf2a2b42d927489d32a2e9d14e9dee60458f451b91d549b05b3c730b2dc8e811b4a8d2e003e48a9d1fd1416d239412001b2020202020873b4841893278446156a00d22264c42b19b5ccf20dc3ac02ac5626cdbcf91e8ab2a9b1d462eaa0180349278b22e942d2d75b622519d20e90d17f174415da5de6aa33734b8c8332aa58cc88f82acd55c3c402a9679576defe68c8e131d10aa9171f35534cdcdbdb95a959b13b72a00dc7c905818b1e146925d03de9a364f8b6d90d9316f2454cdedf541524cc1dd54388088a192aa0826e2d2a0b365bfaa2cf001b428ba5d84de54ab16b1ea23846920788eaf7a83a2946989e77f259ae91b526c3e4916b6dba95a91d3a244f3d6165bd36a6c90481b6f651a917d01d78bef745d0296e604816434b0a00c408bc9b26ced68ca302e240b428b22c2990db459174b3590019410f648b7a21a62fa4d20eab74552c71be889d95db9d8e3af4819975d6e56328e67b3a7056a573b143e016f4553d952348eb6dba2228f12499f35a8cd5766c0b10888b6c3785501e1883f243d871ebb216a662f1651576183214ab1b3482d1a813e7d165b8d6d7da3851b5e4883077515bb0e91e38008d946a2dab4de67d14568c25a0ceea2c6cc3aa489b6e146a37a4e205be88d4745322d1ca8d2e80808080808080808080808080808080820a0cdd7b222844981b7920a98048e4eff0004472d563840e22cb518b1c558069d22fc92b51ceb026360402b4cd73b883024dacb518aaea7005c4f92ba67751ab9da5346d06c4811330679544542d249638def7fcd225fd19932676f35a6550dd21ce9208f92bb35f2a80446fd7deaa2ae3aa7fcd59e12f964e6986fa70b72b1a4546e970802601d9597c166aaa5ae0d99e615966d9d5d236e905516d44ee24f0b3ad2ed621d70e370a78f8506c23dc82449904a9556175152deaa2aedf678bf552ac583b600a9a5daedb0b1e566ac5c183ca8d2e1d0428b2ac4c91f1515666f784ab1a02748247cd655a52bba1bb136ba95a8d9adf2df851a917a52d041b4182a558e8a441266ea351d54ac3d2146e356802c2dd5455d8d0d81f09455d01010101010413083273a4f288c1f54890ab3b72bdc4cc1baac55781beeaa2348261c62f6ba1a4358ed32e9434b369f84434d8a2e9351902f61110a42c735510d6e9dc733c2d462b173bf0ba637202acdbf0a0749dc8e90ab3b509b90aa2ae075c1b2a97dd5b09024fea89fa240bc6c8274cc45cf4434a0645cabb4d2a5b07cca6d34a911c2aca3e2a817744912d0120f9268dac4dc81c29a5d9302dba69761dee823f1590f9444112785513e9b745057612aa2c0daff003534d4abb493f052ac48117276458b0515a344807aa8d45da0816e0dd46a3ae95ce99bac5748ea680008d87451b6d4f9b1df851a8d5a21c2790041515ab5bc4da115a016ba28808080832a8d1067fc912b9aa8eb3baacd72d6a64980606d62b52b16392ab035da4193d56a316396a07036365a8e755883b9baa8a1103d5566b322cab3621b21c4cc2b5204c9928262f7249ea82da63a851ad2582d1d14a46809110a371a0925a01dd4568c7088d9dc2cb52ba20b9a0c44dd46d2401a6d3c4a2b57489d47cbdca2b66900db751a8d5a40e2cd3b1d9456d4e6449b8e028d46ed32022a5010101010101010101010101010101041dd055d6419b84f11e888a38098e47288c6a9dcc498b1562571d668b88046c16a39d723db6775b72b71cec60f0e831bef70ac62b27dc5b72b519aa1769373706d216b49b43b926e4729128e780676e1245db12e370783b2de98dadaa1b7e8a6976aea82485749b55f6bb0dc9567ea97f4600c6f2ba69cd2d1246af452ac4c17198f34f6101a4098f25769a014a44ef7d94540327cc94d685c1038dbaa8a9bc74810a2a441304c0e545580363c28ad05a20831d14559900175e2566b51a36e60851624081f928ab6d11ee45481117f5515b53820823859ad46b4c11c4418b295a8de9820181179851a8ddb4ed307ca0acedad366b4360c73b28d37a56e22022c686dc71ca8abb36f2455d01010101055ce8418bdf0609b91644db17bcc01037dd566d73b9d2eb1b2ac5545f7b79209000361ca0b06037163c945d34eee6411d145d3a198789f3d946b4a56a2390aa58e2aac974444750ac62c72d4616888b9dc2d4ae76307309710042d6d8d2a401bf1caa8385ae2fd505626f1e7e889a58360023aee8ba69ddcc86c784a9b6b493460586ea6ced64ea666c2eb52b37160e6de616a39d8a910554aa10385585495536969da51654cc6ca2a4193e708448ba8a4884505e202223f09b2a2436e4f1d14dae961c06a2cfd1a0027a70165a8b6926001bf45174d58069746c04a95a8d9adf1de34932b2dc9e5d145bb1ba95b8ea6406df62b2dc6d4c46a047cd46a350071d51576d8a2ae80808080821c246c8392a0f68edd1566b137301b03aa32c2b51117df795a959b1ccfa4264091d55db16395cd02c385b8e7628418f92aca8e11ea42acd540b89dd541cdb91b26cb0d368913ba6cd262c265455c363f929b6b4b376deca2c58183708b1ab22c46ea351a3499e625469d0dd530489dd65a4b5e351112134bb6b4dda8bb48d8fcd4595a822cddf98f351a6c3dae8479a8ade9911e88d2e8080808080808080808080808080808210562d1ca0cdd00fb911432df7223988f1343a7ca569962f01c21a223aaacd73550c22665c558c572b9848712206d6e16e573b18b808046c05e1699aa54020755633621d21d2cb4f4e8acfd4bfa32701256a3159bb790785a894d560d174d7ca6fe107dbb0dd5f83e4745802d8077948562ebd87aadcf0c8d30e1052a45c00e00931759f66921c1adb1bfa268de94802f75a457a740aa2c240f9acaa5bc952aaed3c152ac4ed76a8ad4583755fc8acb4b36419eb70a2c6ac1321b759ad4806924833e45174bb605a375958965c41dd291a35a092480a352346401b4428b1b51107518dee0a95a8e868897586bb48596e36609d2019f451a8d9a20dd458d9b00cb8a8d2c1b0368bc94166c6c0a2b41b2020206c828e744a0c6a3e05f6ea8cdac6a39c5b69b0552b27026379559534980780511781d27ca11521a34349037434bb5a24006f125457553a6048e3851b91b0102022a0b41170839ead0bf86c22119b1c55288222249eab52b171733e8893169e8b5b62e2c1cc22fee576c695d30e8323d470aa6951b4881e488b8005c1928d35a4d96dcc159ad475f741d05a348006cb3b6f4e7af4a1e0ef1c15a958b1c95691076b5f65a95cee2e67b22eb72b958a11e2559b19917022dd569939855006762a2af73047e1f928d2c1b6b1536ba0b6fb79a1a470014459ade8a6da9121bd1366966b488b28d48d1a2c146a2ed1b0244428b1a35b0e3a458a8d69d2d6863da4c7bd65bd6ab7a7e130445bf251a8da8c418e7952b517125b799981e6115bb071b28d45da4d915708080808080839ea346a3744ac5ecd3e50ab3a65a60c0289a6152998bd86eb52b16392a32f16f35a8c58c9cd91255674ccb0cedb2d6d8d322d0440eaab3a0891728260c481c47aa2e93a7c53f14d9a4eda1c76e545fb2c0c03b7bd455c8f6647a22acd806247aa8ad59353f77024fcd4f66a79f0dc49703aaf10b2da58d31bd8984246adf08711651a68c20805b7e4a2c6ac122e60a8b1d0c3e7627951a6c8a20202020202020202020202020202020a3a05fa20a1b19f7844635260898e8aa56048f1ba08855962f1244100c488e119ac9d2d0e1d790b4cb9ea89de4003e2ac66b99c07b223af45b8e77ecc8c032ab2a491b6cb4caaf000001823712ac4ac1e34dd6e7962f8665de25b93c316ac7da3aa6ca4f65f950920c1d8ad6936a130485a4da49da145daf671f0859f6f75fdc8882266105411103e6b48349820a96116eb1751566ee07552ac5c03c6cb2d2edff00252b51b31a00137e562d6a45a00f109807a28ba4b4475455e677d828a91bd94160209990022aecf083036f9a95a8d980c7846e0eeb2d46d4980ddfc7452b523a191aa49811b0596a36608337b5e1469ab1a05f6458d00b6db980a2ad20ec6db20d06dcc22a5bb20940415283371807a2231a838e9ba25665a46cab28d222fca088304a092ddbaf4417d33a401e68ae8a74e0031b7551a91b0108a202011221063529349122de4896397b921caed8d32a942049e15da5c5c3529776d2e03c96e572b34a9a6e6b88162026d34b869123f0cdd45d36a6d824ba403c051b8eba704d80b74e8b2dc3483049f7a1a72d6a53e1685a958b1c5569013a77db75b95cae2c2a5220ec56a573b8b07340365a95cec560ee02a9a003a88213e0d795dad88536d48bf1e52a3435b284869bcf109b3490044099515203a3dfd5092ac04da0fc545d35a6db9006dd54adc8d1adf0f9712a2c8d80999dc88dd46db334869e480a2c59a0efc70a2b76d80f2daea34d19044bb6d916356497445946a2e22f641a045101010101067500023aa239eadc873763c2acd66419f14dd110e68324cd821a725466c7cf65a8c58e674837178bc2d39a8e13b031d55462e100002c558cd8a11f2eaab2458a011d37417bdba8e85469680382481745d24bae046c104b4b8b81e145dd6fa74584759951bd69a025a001b0f35156a6ff000c00a55956bfb23df741b31cd6ef69b28d45c170317da1456f4edbb8f4dd1a8e8638102d05469740404040404040404040404040404041475859066f3a76e3a22302410d266f2ab2ceac693223a8489589179d303655951cd029101b722154d7862f60e64c02440559b1ca69933a605a56f6c69939add3d4ab18b228e01c0db4917b156256551b02623f35a8c58e77dc88165d639d57c808f3551267400e937527bf83e1955203603482375d318ce57e1999060ad4649e3a20d699d17fe82e794dba63749d84a2a1c24c9fe8ab2fc254812408b9515681b01316515620036de145d2cd060022e0acd591a35b2ee8b3b6e46807841b6eb2d2c1b1062ce286970d877e6a2e960cd2ddf7e14dae9703a00545d2ec640837e841536b22e184b641802c9b5d356c1ab700b1b78e165a9eed5a3c65c0888160a34dda3730205c851a8de8d31c340e4151a91a36400d26fe48ad1b00400442825a37f994178f8a2ac2c80821041082845a022285b633282ba486c45ee8880db89da1040a64b61b62aa6966d3e820a8ba6cca7a4c93c6dd1164688a2020202020a39a82aea4d20c0ba269c95e881b8b4dbd55958b1ca6991ae5b6708f9ad6d8d27482d0d1b122421a5dad0de86c1469bd361d04b6d1651a91620402d27d106559b2f241d8c080912c7355a600b3412785a958b1ccfa44c98b110b52b1716470e498000b2bdcc76286890d00024c6c395769dbe1434bc634b7630aed3b7caeca7a8c29b598ac2949063d54daf6a7469b1db884daeb4814c83041929b4d019bc913c26cd2cc682749e9b94593e101adb46c869b319a4b80dc28d48b036682d981054568d32f2ed8440517e5780d68da637455dadd2e01db46ea2b66d8b8f06e25469ab5b1cc9e7c91a6cc37200f7a8ab34796c106811440404040415783b8418b806d8191ba2337699d4eb5c855950b6ce9116f8a0e6abbb4810158c573406c9f585a61996ec26cab3a5433bc30009b94de8d6d916787cd6b6c6952d2205c59534479f0a1a5832e088b709b5d2c08021bb95151761703bcfc154f668d610cb0bc29b6b5e1a8302fb8596972d996ef17b7445d2e3c2e90069851566903c7ee458bee44986f45156d71c9436dda5ad769265c146a37a6e0345c9b6ca351b0328a940404040404040404040404040404106c83178322c3f54460f37d3b000c1fc9566b173a5da4dc71caacaae024c38a0c9ef90184ec2d2ab36fc327b8412e8559b58ccd5f0c6d6f357e19f9635037c3a6c4f9ecb519ae720cc1b46f75b73ac5c65c475d96e7b3159c4105699469249da537a4d28dbd4b5c4f2b57d999ee873419902f65652c66e203808bc5d6a7b335570113cf92b2a54b2058cc295636d80b8858740c9916e9e6a2a4837f54170df7730b3b6b4b6826fee536ba681b107a2ceda9166b6c5ca34d5a208e7ca54696689041eaa0d1b4ed6dfa29b6b4b8a7323f129b3435920000a1a5d92d0623ce546a34653d20c90029b591a06c82360798b28ba6f45a490db100295a91ad36c8916e2ea351bb4341206f68455c3240f25157020f99dc22a41df6f720b73d504a0202020822c82a5a1054b49b47bd10eef6434914e0ca1a5c0004422a50101010101010102106555b2895c4e649746f2ab1a036f7e10d1a2403b19e10d3a690bcc6e26146a2cea71616e5174c9d4fc52401ebd55674c4d320bac89a67dd19d85b85769a64699dc003aabb674a683f87685534a0a71e1173329b4d2053fde40b14da6bcaed1004c046834c1174da699163890664ec2154d21cc33644d2203209b91c21ec9d85b8dc20d29b4105d2a3522e3c35244c422fb54c46c2c541a3088d204da146a346c3800e03ca115a8b9dadca8ad1a0c1b8246e251a6ad22011b428ad1b61036455f64040404040402833709da00446245c8161d4f088ac79f87d5518556f8a391c2b18b1cefbb437cf7559ac08f14382ac82619168b2082c9d46d23cd369a655185b234edccf0b519b157300223629b340611e1364d9a58b38b4f1745d24900c6e798082c6d3044c6ca2ac1bec8773d115ac06b4927651a41826c4c7904468243748220198515a036bef1ca8ab31b633f0e88b2366dee601feaea34d59d4ee1458d587c3bde515a0328a940404040404040404040404040d9051c7a20c9c40703f044636265931caacb9e1dc031b882ab2a5437067c246d3bab12b9eabbc0e209bdb7bab18b5479da791f4552b37190d24132375596151c038020c8b6ff15a8c5acea491ccf92d466b99d1a8c6fd56e39d407177b512aeb5ec9b66e791ecc99d8ad4c59b97d951508b9f972b5db12648153c7201168ba76f84eef2ac41bde795ada682348826e7849767b2a24d82a8b8137683b0596da0048db658db517006f702565b8d4b21676de9a86c0d8dc2cedad24036179d8286976b4170d40c00a6da91a31aef0c295646ac1c1179d946a0c1325b36dd08d0093798e5456ed606869131cc1dd676d48b36993c5dd6b729b5d2d4e9c34b48e4884b56468d687183c6ea2b5a74cb5a01f3b7928b22e1b68208108ad059b6dc5c28abb418e2115700d849840dd058202020202020206c808080808080808080808080829505a7a79a0c1c34ea946542c220093242a9a69a40240e1456cc1011a0d8c7288abda48f3f44189163a4dfd51153fc43702feaaa33d275931bdd134ccc01046e3a2a8cdcc2d0e74083b055348636f04117b9944916d2d034f2a2b1d6e79d316e9bad33bd81a438e9b99e501cc7180099e1434c1d074f860745a647b608004fa590ad430e92dd0e00f55174b348040333eaa2ad4c4979702001d5163568bf1e85458d982f669db60a350a4e800b4c0e6508d6da798b6ea34da9888e88b1a016ba2ac80808080808082a45e50508bc9f5d9119399131c9ea89a73bd8496de0810ab363077843889020ee569966585ad6f5846743408da6e80e60d2241b9f721a1d4b51f108b58009b34cbba04f8bda80615da6822da5c097031bf0a8a39b306398ba20000648303740104b48f6ba92835a7260c1dbaa8d45c020dccca8a441706cec82ed0e11d4028ad07b3e22621455c6e43b8dca2a46d6506e091a496951a5d8604137e022b56d88b58a2ae80808080808080808080808082ae3d1054832225118553700fa5912b32664edd15473d53126f6b92385631585421a246fd558cd72bdc0117dac56e3159ea25ee2e1c580e8aebc33bf23c822d702e1225625d20b89b8daeb4cab24c5f6ebcaa9b52cd70b03d65567d995466932071d16a56728cc36cb7b634ae9b4755769af841678655df94d784006fa7940d3cc26cd018418109b34b3586ca5ad48d434858db52356080b15d2370dd81db9eab3b6e356b2d7b059db522cda6438023cd4db522ddd1d2605d366921b004045d01b1b283401a0802fc99456b49932080445aea56a474536ea111b7ba165a8d1b6005881d428d2ec64b41df8b2122e186208f24569a6640e4428ab367ca38b6e82c00034f4455bdc2c8004df9412040412808080808080808080808080808080808080808208414733a222ba7c40ec3c904d2691ed012846a040808a823a20a9107c9064eb480041e084451c2eebf1d1119d813b2a8a38f41b04466640131baa8364b4011bdfc905410c719d8a27b2addac0442a2b04483bfc910131a8efc1282ae680035a0dec0f92a8a11d36dd116634930eb794a2c681b04fa6ca2ac43830811e8517e1b33c84a8b1664b48e5458d194c0b0f67cec8b2346b7c243a3ca1456ac12d1d07445682c1144040404040404041996cdba2232a9fd108959546cc91d772aa56044b40832ab2abdbe293ee44d23445e10d004fb5b0ba09039112821cd1e170b70869475382d7440de215da699be98d4d048b98576962349648681ba086b2c6474b144d35692df63da8b08b151a5cc36240308a8690e7588bf2825d6b916f594161ed8076f928abd39001373125162e05fcd455c11d089dbcd068011100428ad1a4871dae8ad186c022ac808080808080808080808209808235401d1047121066f126fb6f74473d42d04b8931d1566b96a38b5963bede6ac62b9aac776ed56f12d473bece57900920cdf85b8c5aa31c05c9e15d332a1e00f685b7090bfab3a827c001d456a7dd8bf6434757795d08ab6f6e25548380bb62c90bf65344187588e15db3a50b0c98b5acb52b362ae11a60ecac4a8004f92a45b4110214dae82c9740d9494d3468de7659ad469a4098db859db5a5da200951a8d982035b2779596e3a5a376da3d165d1bb69b4125dcb79e1676d696eeda6046df34dae90295e394d9a48a2018b4f484d9a4f747da7efb754dae96d2d6b66d3b4a0dda0ba4b8de39596d70db131263641a31a00b6de4a2c6ad0641b22a5ad891e7b22a43640bec82403bec8240ebba094040404040404040404040404040404040404040404041108108250101055c073f3419b81200dc2233238db8088ab9b32e22fd06eaa29a778317883d1066e043c38d816f544f955da4537baa10d1e6623a26d34e3af8fc131da6ae330ecd373aaa81f9abb4d573bf3ec998e1de67197b0704e2583f3537175583bb4b90b478b3acb8df8c530fe6aed3551fe9464245f3acbcf4ff586fea9b35577f69fb3e5b1fb6f2fbf2310dfd54ee5edaa53ed1f67f58d39d65f03ae2583f35769db5d0dcfb25a9269e7197bc03f8712cfd536baae8a78cc154d469e2f0ef88bb6a029b4d3b58d93b19b8458b824881c745157a6d92482247c91636107da224a8ab81264083c945680422a50101010101010101041e1062e91304c2231736e67a4aacb3b013d06dca2284003df795510440933082c44030601106ea2a431a39b0434b3411ab4edb1080e6098b6c50d317d2f1016005c15769633d8f98bfbd5655d24320da0a0bfe205a207aa2a1cd70000833ca1a4b844346c447a2046931b0841664100836bf2a116a64b6e488f9a2c680b74de64a8ab12e88d846c8ad05b4802d0a2acd23c209f341ab4c73745683645101010101010101010100ec833da0f9208bf0de7aa22af768612059071d524105a7a6cb51ceb96ab8823503a3f0c6cac62b96a82e79266224195b8c562f3e225ad0df2e8ac62b3d2e3b7d1567550491e1d56f22a8a3584b8b4100c72aed993ce89701e67943ca3761dfc95f94f854cc6c774104cb8103e0afb7844403042a8a916f34da6901b2aed34b01c9e14dae9668eb652d59168e9b28d3400831f0bacb5a5c6e1b10a34da9d8182678e8b35a8e8a706ff008b993bacd748e8659a65b0488f451a8d1a3c3136172a35166349bfbd0917d12439c2e362a2e92da41d04716f44d9a5f40b48e20728ba5c321dae38845d2cd1076e145598d20444094170dde5156400825010101010101010101010101010101010101010101010736271f82c24fdeb1787a11ffa95037ea83c8c576dfb2f85fed73cc118ff00d3a9de7fd3283cca9f6a3d9167b398d4a9fe1c3d4fcc041c957ed73b30cf67efd53fc3447e6420e1c4fdb364cdff00cae5b8fa87ff0073433e84a0f36b7db5ba48a39080382fc57e5a541c953eda3313fd9651856ff8aa38fe88ae4abf6c99fb8114f0396b3d58f27fea41e7e27ed53b55584331587a1ffc741a7fea9434e1a9f687daca93ab38a826fe1a54dbf46a269ccfedb7699e4939d62c1363a5f1f4434e77f6a7b42edf3cccbdd8978fa1434e3ad9ae635c456c7e2aa088f1d671b7c515caf7b9eed4f7171ea4ca0aa020202020202020da862b1187fec2bd5a5fe0796fd107a147b4d9fd10052ceb31681b0fbcbe3ea89a7651edcf6a2899667389ff0078877d421a7a982fb53ed4e19d3571387c50e95a8347fd30869ed61feda3336ffe6729c1d4ff00e37b99f59457b7977db3e5952d98e578ac39eb45edaa3e7a5547bd81fb4feca62dcd61c7bf0ee3b0af49cd1f10081f141f5582c7e0f30a5dee031743134ff8a8d40f1f1083a1010101010101041dd051c2f3164466e613b0b7594466402e980385515732de42ff00d7c50d1a0b5d100f94a1a1a21da4189b7a201b0b093b20b0200207a0b20a716dc5a501c0b9cd0371d1055cc74b89379333c22699e8faaa9a4387e1800a0a1778809d84fa2a839ce32ef341267f0cc04125a1a39021454ea8d208dcee825861d04f1ee42342493e2f68755157612dbb9bee458d1a008e24ef0a2b46cee8ad186c8ab2020202020202020202020a9b008337c0276446351fa45f6f5552d72d4d533c6e21573ae4a8e6b1bb171e9d47a2d462b07788f87d61698acdc01d44b4dfa1552b3870b89b6e15655711a2d31369e559ee96f854b8901a793d2eab3bf84458ec6fb84199770371d16b4cec310d227e08282c48216998917b281282622e0de1455b491636f729b5d2e05c470145d2d17208b428d6966b6028b2346b66c05d46a46b4da46e6fc5b72a56a46ecd25c0706d7596e37a6d2c05b21c0fc946a4d360d04d810a34d43349f16fc28d6966b0878220cef6434d034492db101455c3620ec7cc22afa018dd1521a00808242098404040404040404040404040404040410e735825ee0d1d49841c35f3cca30dff0098cd7034bfc788637ea5078d8efb42eca608915338a351c38a2d7549f7b411f341e1627ed8bb3f49c5b430b98568e4536b41f8ba7e483ceadf6d5856cf7192567ff8eb86fd01507938bfb67cd9f3f73caf05447fee39d53e8422bccadf6b5da9a9ec3f074bfc143f525070627ed23b5b8810ecddcc1d29d2637e61b283c8afda6cff00104f7d9d662f9e0e25f1f0941c5571f8cadfdb62ebd4ff0015425073202020d2950ad5ad469547ff0085a4a96c83b296479bd6fec72ac73ffc38779fc966f2613dec5d57a785ec2f69b131a329aad1d6a39ac8f890b9dea78a7caf657ad87fb2ced05500d4a981a1e4faa49f902b9deb78e2fa75db4bec973123f7b99e11bfe16b8fe8b9fe3f0f88be9574d3fb22798ef73a68f26e1a7fee59bf509f18afa5fabd0c3fd9265823bfccb1953fc0d6b7ea0acdebb2bed0f4e3b29fd95e40ddea639ffe2aa3f26a9f8ce5bf07646f4fecc7b38dde8621feb58fe4acea396a76c6ecfb37ecc363565ce77ad7a97f8396e7372fdd9d47451ec0f666916e9caa9ba2d0e7bcfd4ad77f25f965d0cec6f6769cb464f84dff0015307eab7bcbee8bff00a37903491fb172d816138567d615eebf767ced9fec5c859ac0c9f2d699dbeecc1f9277dfb9e46e4f91bb6ca32f8dbff2ecfd162f25fbaf959b90767c98192e59207ff4acfd149c997dd5477667b3ce20bb26c0491c50681f20bb4cafdd9dd64eec6f655dfdae55866338325bf42ba6391bae0abd8aec3b6cec3d26f12316f1f572d772f9733bb0dd87a93a6b777e98c1f994ee375cf53ece7b1f501eeb35c4b1d3034e26991ff4acf7b5aaf3b11f65997bdffea5da201bc07d10e3f10e1f453d55ed71d5fb27c769270d9b60ea5e06a6b9b3f0053d5876bc8c7fd9cf68b073a2850c481cd0aa3e8e82b5df89aaf0b1391e6f84246272cc6538e5d45c07c616b711e7b9a5a4b5c082382a8bd2ad5683c3e8d47d378fc4c710507bf9576e7b4d955b0d9be21ccfe0ae7bd1eed531ee41f5b947db2e6547c39b65d4314de1d45c69387acc83f241f6b917da8766f3570a55eb3f2fac4c018a0034ff00bc2c3df0aa3ecb0f88a389a42ae1ab53ab4cecea6e0e07de10688080820f082ae301056098d8792228eb9b8f241573748b4d91110d20822c7ea8044b2e07b9000225bc46ea8a344d9dec81b810883402ddfc4104805afbefb2006c3a38410469b69418bc49906fc5954acc80c20e98d42d2ab3ec8d5e268b46fb20bb7da022044a8aae9b40dd1036201b9282e4102f63d11560f83117f345daecf093171f4515ab4c403c28ab4f07641ab6d040e3645688a2020202020202020201b041436dca0c5e4c86027c919733dc4c927c9566b9c9d077b1dd698f662e2441bc342acb98982369eab4c2bb3415514a901d022c375633581221b116f9ad46101c04de4cccf0ae936ab9d0c9dc12ac896f850407127e1d5565668025d3e8a7e8d4fbab27a9baa88a820fa244c90d361e4ad48b820c0e8b2d2ec2220c7eaa56a3563750b159ad48b8122790a35a4b757b41456da6c3d028de9b5369f09264b6f6596a47453a67486936266ea6da91ad36cc800012a3523a18c871b28d48d18d9d361237515ab69d883c945d2c1b1b128a9841280808080808080808080808083cac6f69722c03cb3179c60693c6ec7576ea1ee9941e362fed2bb278669ffc505570fc34a93dd3ef88f9a0f9bcc3eda32ea648cbb29c4d783635aa3698f96a41e3623eda33474fddb2ac1d3ffe4739ff0048515e263bed4bb578a74d3c6d2c2b7f868d06fd5d27e683c9c476d7b4f88f6f3cc70ffe3aa59ff4c20f1f158bc4e32a7798bc456aeffe2aaf2e3f341820202020efc26499ae304e132cc6561d69d0711f1858b9e33deaeabd2a3d89ed2d6f6327c40ff1c37ea42c5e7e39f2bdb5e9e0fecc7b49882056a786c2dffdad607fe9958bd5f14f6abd95ed617ec8aa96ce2f38a6c77f0d2a05df3247d171cbae9ed22ce37a147ec972c03f7f99e2dffe06b5bf595cff001f7e235e93d4c1fd99f66a80fded1c4e24ff00eed623fe9858bd6f25f65f4e3d2a3d89ecd52f6327c3dbf8e5df52563f13cb7e57b3177e1b21ca30ae070d956069387e2650683f185cef2725f16aea47a21a40004002d65998df9369d055eca6d218559c69b4b698f35a9c50ee5db4845d6e714f967b922901c2d4e290ee5831a365a9863137530d5ad629e421aaf8441891d13ba1a43cb40de215f5243b5c78bc553a2d7171008b90a7a89d8f0f30cda9b1a74d7122e2fb857769daf92cc3b6981a0e91890f70be9678aeb78f1e57e13523c2aff68d896970c1e1001c3aa3c9f90fd5749d3fde8f2b17dbacff0012ef0e29b41bfc34983ea64ae98f0e111e7d7ed1e7788915335c6106c40ace00fc16e6321a654f2dcd71eeef1984c65727f1e873be6972c67caeaba69f65b3ca8016e5d5403b6a21bf52b3eae1f73b6ba69f62b3e77b5846d3bc78aab7f22a7ad82f6d6ccec2674e0df0d004f05e7f44f5b13b6b5fff000ff3881fbcc25f61addffda9eb6276d47fa099e517781f401feed423f24f5713b6b46e43dafa126862b11326453c59067e215eec0d559acedd61c5abe3a07fefb5df994de09e58e2b1ddaeaadd39861aa62d8dfc35f08caa3fe9255fca7979789c7d3d3a31b916169bff00898da949df098f92d23cf2706e30195e90eba83fe503eaa8c5e1ad3e07ea1c5a0a0aa0ebcb732c76575fbfcbb175f0b5762ea4f2d91d0c6e83ee324fb5ccf702d14f31a54331a63f13bf76ff0088b7c907e93907da3f677396b1bf7b183c43a077589f0dfa076c7e3ee551f566b30132e1640ef5931a820990622c82a7791c9440b419e794147882058a0822c2dcf2884025c412494152e871e844208d21a49041b2a22daa6601f92225a4cd88e88a6d024c6fee410e123c201288ccc4404460f306fb440f3559accdc9136fa2a8d18f0e1a09f10b6ea6965589f69e0086ee8aa870737c5b844daf620377836454c4ea20d8a0bb762222ca2b416371b22aed223a75515b0b4f1ee455c22a5010101010101010101051fb420e679043cc9b0b2acd73d5b344911eaac62b9aa10013376ed785631595421e018222c6db2b12b1d300b8ec3701699d2b0d8124cf3e48cf864e88f0833ccad33599a6369b710acace950df09bda3a6c55da6bc33788027795a8cd5488f10565f84b0d572426936a9924ec1540f1b5f81c21488236434b8d965a5c416fa28d46d4c69222cdf559adc9a6c04349f72c36d58c1a9a074536d48d69d304999b0f5536d48de9b453788b83bc28d49a6f4db16007f251b8ddb4c886c08e545d3a18d03d028d2e0422a5010101010101010101071e2f35cbb053f7ccc30b878dfbdacd6c7c4a0f9cc77da5f65306e733f6977ef1c50a4e70f8c47cd0781997db3655498465b96e2f10ff00fdd2da6df949f920f96c6fdb07686b1230d4303866f114cb9df1263e4a2bc2cc7ed03b55980d35738af49bd28452f9b403f341e162731c762e7ef58dc4d69ffd4aae77d4a0e540416631f51da69b5ce774025077e1f22ce31240c3e558eab3fc18771fc94b949f23d8c27d9e76a712d0e6e56ea6deb56a319f2267e4b179709f2baaf4a87d94f68eafb6fc0d1ff1d627e8d2b1f88c17b6bd7c17d9038c1c7672d69fe1a3467e648fa2e77abc7e22f657b347ecabb3d49a3bdaf8facee66a340f93571cbacca7b3538ddd47ecebb2b4a0bb2f7d523f8ebbff0022172bd667f75f4e3d6c3f66f21c33628e4f801799341a4fc4895caf519df7ad7647a1430d86a1fd8e1e8d38db430058f52df95ed6a0d88525f8083c29afb2a74f55aed4d9a4109db2c36b686cadf644dd21a394d630f217305d2e784f26a86a302c5e6c2793b6a3bd68d92f51845eca77ed1b29f8ac21e9d4f7cdd95fc4e1bd6d3b2abf780b13abc57d3a1c4811759bd76335e5671566ec5472b867f5093cedb9c2afde6f672e5ff709f75f451f782762ae3d6f75f157d2d356d471e57ab0e7b97873b8c8973f4b49240b2f44eeac788f0b3acf6860a83dd56b3698689d4e23faeabb63c59566e523f37ed0f6fcd7f065c3598d26a3c1023d372bd9c7d3ebdd8b93e3319996371ae9c4621ef1fc330df82f44c663ecc6dcba480098bed754766170d41ce1debcc7c166da3d7c261f2ea6ed4280741fc4350f9acfe6aaf5338341b90627eef4d8d7b341058c883a872ae38dda6dfa2e42da7986030d89a6069ad4dafdf691b2e19e15d257aa32e01da4830de795e6beee88182989b2932103024bba7457b8d20e04776d20bb54ab334d23ee243c5ec77bad779a40c0f8881b13f34f521da3f052d734811e43857d589dac5f97d835adf20afaa76b92a659deb8ea6360b76d3d16e72c4ed70d5ece60ab026ae030ef9b5e98375a9cd13b5e3e2bb0b9455734b30f5288333a2a1fa195a9cd13b1e2e65f678e68d59762c99d99587e63f45a9cd13b6be7f15d92ce70c1c7eebde86893dd383be5badce4c53b6bc6ad46ad0769ad49f4ddd1ed20ad6d19aa3d9c93b519c648e1f71c6d414b9a4f3a99f03b7b907e85d9ff00b4fc357a6ca79b8386c40305ed04d3779f5083ef3099d53c55163a8d56d46c48734c823d424a8eea38d0f05da808d9546ccc634897449361e48356d669e64ca0d069201077e8821c0826fb20a3a031c4cc7d11110e890059000121c0de151666fef89504c401716b420a91064dc03083370fe23caa8c410581ae3b2acb0758f83937baacad21b266cddbcd003b535a41b9dd176b92dd7076deca0b0706e9237e8115624033d4d9454fb22df8baa0d2c496b4db64568c37516356dc9bcd91576cc094559010101010101010101066fb4da6794472d7317047a2b19ae578045fd49e5562b9ded970826626cb4c556ac8b1106522562e8bc05a8cd444323ce3d4a1f0ab586490d0604c80aed2464eb0dbf9ab19a82dd4d9037f92bb4d6d993e1100dcaacb23b9042d462abb4c0551219d6c7a94d9a34cec9b5d11276db8088bb5b30566d6a4694db1c6ea5adc8d9ad2008d8d9676dc8ddad9111168596e474d2a50749890b36b723765301db06c8e165a91bd3a772440ebe4a352356b46a248211a694c5ec2c1458d5be7ea8ab202020202020c3198dc2e0289ad8dc4d1c3d21bbeabc347c4a0f9acc3ed1fb2b816389cd195de36661d85e4fa1023e683e6319f6d397b27ee393e2aaf4efaa369fd3520f93cd7ed63b4b8d711847d0c053e052a61ce8f32e9f9428af9bc7f6a73fcc1ae663338c6d463b7677c434fb859078e8083a30581c663ea77581c2d7c454fe1a34cbcfc020f730dd84ed4e27fb3c9b10dff00e4d34ffea2167bf1fb9a7bb83fb24cfaab03b1588c161bfba5e5ce1f011f358bcb8c5d3d7c27d8eb41071b9d12396d2a11f327f25cef5322f6d7d0e07eccfb2d8468efb0f5f167f8ab5623e4d80b9dea6af63d6a1d91ecce1ffb3c930463f8e987ff00d52b9dea32fbacc1eb50a5430cceef0b429d167f0d36068f92e5796d6a62b9a84fb962f2af6aa5dbae7736a457591cac7a8bdaaeb85cfd4d785ed575f2b9de56bb4d6b3eadf63b55d47659efbecbda90ee16b1cefb162daa174efd33a3bc8f727ad21daa9ab0b19753315982a6b81cae3975b27cb5389476240e570cfea38c6e70d64ec5c1dd79b3fa8ddf8749c0c5f8c2bcb975b9e5ece9382287166f75cb2ea796efcb738620e30c6ea5e7e4bf27a311f7afef2cfabc9f75f49071703da3e8939797ee7a2838cde5c9ea727dd7d154e2f6b912a5cb3bf2b3895fbd70b3db5af492dc44f553b6c4f4dbd2abe6ae39dc2b9e583abef4da6c27770be95f73a1e6b9e9e2e59a7c676b3b7985c03453c3456c541f035d666fed1f8597eab83877375e3cb27e578fcc330ce6b9ab8bacface170366b7ddb05ed98c9ece7b73be9b2818abe2711b0d82ba1817136d81e020b3088befc2091521c2f6083b70b8bb811e700eeaa3d3c462cbf22c435a61ae0d1ff3041fa4fd98e241ecc6103c92e6ea6cff00bc6df05e5ea396611d30c76fb2fbc0004745f233eae4f2f4e3c555efc4f92e77aa9bdb7e950566c293abc4f4e9deb66253f158ed3d3a778debbabf89c7c1e9d50d41c158fc4c6bd3a1a8213f1334be9d47783c94fc543d3a1a8de8afe2a1e9554d468e8a7e2ff527133029ed012757f1b5f4943429b80042e98f5719bc4c9d84a645809208f72d4eb369e93cdc7e514b114dddfd16546911a5c242e98f57f6a9789f1b9ef64703ddb9f4697dddf162cdbde17af8bacb7f572cb863e1f139656a05fa48786120c597bb1e5c6b85c6c71111baeacbbb2cce31f95389c0e25f4da4cb9932d77a841fa4f66bb7981c58a7471c061ebc810ef65e6383f91ea9134fbbc3e8aba4b5d137f5551d1a2ad3170491bf5445e9e25ed74d4d51e6a8eea55bbc0c2ee6d7506b04871de0c02820c937164168d36d3ecee824411ba2aa4cba05b8f54455c63c30785466487444013b744658b858ba0fb50aa327137d23c3b2aca93a481a6c39551612d81f0517d9725ad20911e88ab345edb8b28458006a027c917e5617dbaca8ad3dabc737455d96f48458ddb1ef515716f28455901010101010101010438c0419b88063dc88e7aedde45e78e158cd7254178d3e23b5d58c564ed2c9d27c9567d941ac31c1c0d88bea553cb9aa13aad3b4dcad462a85c24fc95d26c90490df43364368769ef000469b792278dab2d04100c05519380237f4f25a62c66e65c4d80e8acacd89000b089f3458820917107c8a26803e09b34b0641f24dae9a31bd05966d6e45dadda146a46cd6448b1d27aaceda91bd3610d70004db72b3b6e475366203771bacb6d69b7549881ebca352366b4e92d1c75515b4490088246c0a8d2ec6c5c4c20b8b22a501056ad5a74586a557b69b06ee7180107cc66ff685d98ca9c595732657a83f0618779f316f9a0f8dcdbeda29b5c5b93e52e7378a9897c7fcadfd541f1b9dfda3f69b37969c77dce97fe9e101a7f39d5f3457cb57c456c4bf5e22b54aaffe27b8b8fcd06483ab0997e371a630583c4620f4a549cefa041f4997fd9b76a71ac6d4fd9e30ec76c6bd46b0ff00c3b8f82cdca41f4796fd8e629ecd59a66d46891f828533527de623e0562f2e322e9efe07ec9fb3d867b5f8baf8cc5c6ed73c31a7fe113f35cf2ea24598bea705d9dc83001adc264f82646ce34439dff1192b9dea3caf6bd10f653686d36b5ad1c010170cb9da9820d5b79ae779beed76aa6a92567d5daf6a85d30b9de48ba2444277cf6346a0a774f6346a536ba44f40a5084d411a6cb3db1768d2072b1db8fbaeea3c22c54bdb3c55f28960b2c77e13c1aaaf78c1ee5cef3f1cf2d7664a9acc1c85c72eb38e3538eb37625a179b3fa863f0dce1ac9f8902d6b85e4cfadb678749c4c5d8995c32ea33c9d6716993b111cae5f9ab738d9babf453b1b98327561312b5306a60a3aac0b95a98fd9a98b23560db85b9c75bed54d7f35d270d5ed41ac0ec7d53d1b17b55efa6413f35bf4350ed57bd2649e8b5e8ebc2e921f23cd66f1c97f4459aed4489f66c60ecb9e524f64f0e8a6092b8d632d35ab88661a9173cc4730b3871de4cb51e5e4ce47e7ddb0ed739c6a60f04e22a02439e0fb1fe12395fb2fa57d36e18ccf3f67cae6e5ddd47c3d3602ed75dc434dfccafd0c799a55c58d3a29b435a36016b68e52e923528aacf450420209698283d1755754cb9f36682d6c7cff5551fa77d9a49eced1007e279ff0098af8ff50b77647a785f6443a17e77931cb6fa1859a50878bf0b85c7274dc41d63959b8e717f29a9d3b7cd2779a89d4e8164b73d1a8aea703b0b79a9f9a2ea00baf3293b8f012f99e12f79344be2c13f39e1043ef214b32f95dc3c7d2e9bc8f012eb58ab72c92488d4f17526794f2ba9ec3aa16832365b9cd6276c7cdf68abbe9d3782c9247057d6e92dba7979669f98e618ba9dfd7045dcf1f180bf43c784d47832cbcbca7d4971245d7a24d39a0195a43d107d57657b698dc95cca15cbabe1019009f133d0f4f25769a7ecbd9fcfb099bd06bf0d59b535375083b5e23d6e88f7feecc77b3a48bc84349a586eedf2d1607aa0d6349322df441041d31b0dec826cde67d50413c11c20ce6e2d61baa8ad43b108959cdedb2228ebcc7a2a8a10d6b9cdb1d2352a8a69bdb789ba214cd8437ca508b81aa6d61bdd455a2d0c1e68a933a5ba85f64134c47a7328468c3c82a2c6ad6eab8368951a6ac90df16e8ad04de515608080808080808080820cc5b7418971244884462f176c1f72acd73d500821e27e92ac66b0ad3b4089f742b18acab074789c497df656257354973ec00811016a39d51e40249dda6cac4a824f889b15450ba26fb8ba33bd003a046ca9e511221034f44d9a1acf1026e026c916d102dba9b5d25b4a384d9315d94afa48b152d6a62b8a7123f10e14dae96653b489b25ab236630b20889e8565a934d69b45a48bf4b6dc28d4746820193e4a35a6f484418bc41b6ea351adccc1e146976b407cf282e25155af5e961a8bab622ab295260973dee0d00799283e3b3bfb50ecd65634d1c43f1f576d3856c81eae303e1283e1339fb62cdf10f2dca70787c1d2e1d53f78ff005e07c8a8af85ce33ccd33bafdf66b8dad897f01eef0b7d1a2c3dc83ce41d797e5b8ecceaf759760ebe26a0ddb4a99747ac6c83eaf2afb2eed2e38ce22852c0d31f8b115049f40d93f1859b9483eb32bfb1dc1d376acdb34ab587f061d819f3333f00b17922e9f5395f60fb3195bc54a59632b541b3b10e353e46df25cef32e9f462a358c0da6d6b5ad101a0400b8e5cff2b3155d5765cb2e66a62a1a8b9de58d4c542fe2572cb97e1a98aa5e3deb179174a17ae5791a98aa5f6b2e7ea785ed54b8c2cdcfc35da8d503759ef5ed4eb10b5396693b51de8eab17a89b5f4ea3ef001dd67f178c5f4aabf7a026fb2c7e364dafa35538c02c4c2e797d424f0d4e9eb338d039d970ff00b837f8764fc770b8e5d76563a4e9d9bb1f79e173cbabcf2ad4e9d91c71eab97adc9f774f423338d21dfcd6359df96fd1f0cce3389b24e1b5af459fde89913babe8dd6daf4d438926f3b2dfa17db4d4e38a3b13277dba2dce9eacc14efe362b73a7fbaf6aa713b7aadce99aec50e20988f82dce9f18bd8a3ab6c095d31e293d8d2a6bdf7f72d4e392693c2aeaed6869d42eacc2f98cdce462fc631ad99f7ae9386edcef348c2ae66d0d2d1bceeb78f4d77b73cb9db617186ab445c42e7cbc3d9e4c79b6ec6d511bf2bc5971e5b6fd46387c5b1b57185ee6b5bdf06824ff0071b6f54e4e1b71c249e75feb5c6724dddfdffd23d4a3561bde1988e90bc7963e749966f8eed97683eeb44e1e83bfd62a0b5f61d57e8fe91f4eefbdf97b47cdea39b5e23f3c68006a75fa0eabf556fc478547d42fb1365678145410101010694a93defd2d6991ba0f4b1ad14b2f6346ee783b1e01fd52a47e8fd81c7e1f2fece615955b882f78713a30f51e235122ed69e217979b87beba63969f4353b4d856023ee799beff00870552ff0025e3bd04aeb39ac7156ed861a94039666c44dffd51c3eab3ff006d5f5eb92a76e30e0bbff08ce23afdd87eaa5fa5cbf2bf88b1ceeedfe14bc3bf656671d3ba1faa5fa5cfb9f89aabbed0f0b4cf8f2bcc04f5601f9acffdabf53f13543f68f82127f66e387fbadfd55ffb4fea7e26a9ff00e26e5bff00d0e2f6feefea9ff69fd57f13561f69f960681f71c65bfc3faa7fda7f54fc4d5bff00c4eca67ff278eff859ff00dca7fda7f55fc556cdfb4dc8dc6f87c7b7ccd36fe4e52fd26fde1f8975d2fb44ecdbe0baae229f5d544fe52b37e9576bf8975b7b71d9679119a347ad1a83ead58cbe979efd89d4ba19daaecdd43a5b9be187f8891f55cefd2b3f6d353aa74d2cdf25c490ca19b605ee3c3710d9f84ae797d373fb353a98f373dcbbbda26a31c0b5d3b5e77e57a7a7e9ae15cf3e5dbf2acdf08f663b1ec2c3fbb2d91fee85f6f8f1d631e4b7cbc27348dc2eba456210248416041dec83d3c833ac56478c188c29969815299d9e3a141fb97637b6382cde8087c3c4374189688e5547d936e096994022641288af0227e2821d737e0a0898923aa0ca77255659ea2d2754c475445248769b40f642a835b6806fba0a498d5d78288a388749369e815448696ea1d11568b34de639505f7746dea8ab698224ddbd54543490ef2fa20d0784d8dc8b7922b66080089076eaa2c6bb08455c22a50101010101010101055d608307588f446593a0931b8da15460e969f15cee15659d630d008dc6c558cd73bc58dcb800ab35cd535117dc2d462b371dec62569841b39c091f920a4c411b8550e01e8880300404568ce4c4acb517637c26df24b5646c69692db1e8b3b6f4d461e74c4ec22782a6d7b5765102e4198536d4c5634f90dbf584d9a40a6d170db03cf44d9a5dad90238458d2933c3e8a5591bb29cb65a608eaa35a694ec4437e0a2c716779d65990613ef39b62a9e1e99b3444b9c7a002e5174f81cdfed930548e8c9b2dab883cd4c43bbb1ee0249f922e9f3b89fb60ed0d56bdb470d97d0d4d86b9b4dc4b4f5bba3e4a2be3f38ed0e719db81cd730af8800c8639d0d07c9a2c3e083cb41eb647d9bce33e7465580ab5da0c1a91a580f9b8d94b641f71947d8fe3aac3f37cc68e1dbfc1406b77c4c01f35cef2c8ba7d9653f66dd99cb5bfbcc23b1b547e3c4be7fe5103e4b9e5ccba7d4e1a9617034450c161e961e90d994981adf805c72ea1662b3abdf75c72ea3cb730666b2e37a86bb1435a795c72ea36d4c1435bcd72bd435d8a9abc2e579fe1aec57bc3d162f35daf6235953d4abdaaf79112567d55ed41a90b37934b3155d580dd72cb9e46a71b335c755cbf131bf4ab238a00185c2f573e1d270b2762fa2e57a9cbe1b9c2cce2cc832b9de6cf6dce28cdf8a71d8f322166e7956e7148cce2499b95355af4d91c4120eeaf63738d435c92b73856611435893bae9381aed8a3aa902cb78f0cdf95d20d5b4dd6a704d9a50d4eaba4e38ba54d55b9c6bdaa1abe92b530d35daa77b208f72d769a8a3eb865ccc180b530da5b31836a82482e8ba5c749df191c40e785b9c758bcb231ab8d6b4c13d16f1e1b5cef3c8e7ad98b43490660c05d71e9eedcb2ea3c399f99cc11baeb3a671cba860fcc5fe183b6d2ba4e9e38de7ae5ad98b29b5c2a56636f312bb63d3db7c472cb9fc7bb2a39950aae8a62ad7b5f4b0ff92de5d3e58cf3e189cd2bd4a15b17e11430ad679d5a911ee12bc99e1c7fe2cbf94ff7d37396fc47a54e9e26a6835315a5bd2934367d499f942f165d937263fcff00e46bd4bf35bf66f0f4aa7deab9a61d53ef35182a3aee806373e8b8f5f8f27e5c65f1a9e3fcd38b924dd7ab9bd6660f07ded470631b25c636b4af2f4bd1e79e7ab17939a69f8e6618ba99963eae22a9f68d8740360bf75c1c33838e618be6e59775dd71d47ea30361b2ed269966a82020b358e77b20941d5432fab541b6c62c255d1b6f532e6d16eaa9558d3d1c609088d30b5f07877cea26fb869f8208ce31b87c5368b70cd700c9d5222663f9a847b981edafecfc151c2e1b03229d30c2e75489b748534abbfed071bfecf09485e6ee27f44d0c2a76f33570706d1c2b64cce9713f54d41cf57b6b9dbcc8af4d968f0d31f9a76c1cceed5e786271eeb6d14da3f24d4143da6ce888fda1563d07e89a823fd24ce46d98551e909db057fd22ce223f68568f54ed823f6fe6ba8b8e31e5c772403f926a0a3f39c7be75d70e9de69b4fe49a82a336c586869ee1c07f1e1a9bbead4d0d69e75599ed6132ea968f160e98fa009a1d54fb4548002ae4393bfcfb9734fc9caa69a373fcb0ff006bd9bc09eba1ef6fe6869bd3ce3b2f521b89ecc1a7d5f4b18f27e06021aaeca38aec583ab0d573ccbdfd69bc7ea53513cbcf0dcb713571a5b9cd6bd5fddf7f7351b03c4491beff00056485dbcdc4e01f48ea2f0f61362220dbc96bb536e4761adbda27d14b176e62082b2d210482507a19366988ca31acc5619d71bb782107f40762bb4b4b3ecbfbd693671304f8a7cfcd547d44d89e4754456e0c98f4409378082a486b44edca23270f9eeaa338bdee88883d0980a8a386a98174448682208f720ae9d248111d1112d6ea69b9b5efb20869fc513eff007a0d4968741304730a3498204c4f4250089d820bb416ba79239b22c6b4ecd00f07dea2c6c004696d904a0202020202020202083b20e77c06c79d91962d69b971b0f355193c09d5107aaacd64f973b891f0552b2a8d9682d91e8ac66c73d422fa073cab18bfa39de3af1e6b518b199e3e4b4ca0ddc7d51136900045008d906adb1b7b2b2db76dc786418bacb71d54584c1b103859adc8dc32cd2d1cdeea35a5f481a4023f4515059a5d6e7954d2c290f6608eaa6cd1dd0163d5366976b64981046e8abbb4d36973880009249b0f5515f9676cfed50e1ead5c0766434963b4bb18eb89e740e7d4fc3946a47e538bc5e271b5dd5f1988ab5eb3b77d579713ef2a2b041db966539866b5851cb7075b10f263f76c240f53b0f7a96c9ee3f41c9bec871b5432a6758fa58669b9a5446b78f227607d2573cb9a4f0b23eeb27ec376672625f4b00cc4558fed315fbc3ee06c0fa05e7cfa96a60fa1ef5b4da1b4da1ac0203408017973ea5b983335cf55e7bd4b7e9a8ead6895c72eabe1b9c6c8d65e7bd4dadce350d532b95e6adf6446b3cac7a97e57b51aaea77f9348d5e6b3deba57bcb2e7eacd35d8a3ab02090b197512cb63538d9bb121b2b8dea6cadce2db3762a48b85cf2ea2dadce262ec5132173bcb95749c5a64fc438c4958b72bef5b9c7191ac6f7ba76d6e60a1af1001bc2d4e2badacc199ac61749c15a98a86b15d2702f6aa6a180b73866d74abaa405bc78e6d6454bc85b9845d05e348237e6e931d5d1a50d4112b7daba53bd22c0ad76aea286b58fa2bd87851d58006e01e8b5314b948cdf58344ead88b4ad4c36ce5c92327e25ad13d42dce3b5cf2e791855c6b69dc3b76c9bae98f0dae39751a79f8dcd4450a4083a9e0ccf024fe417a78ba5f7cbfe7d9e6e4ea7da33af9c358d24bc58ef2b787496b9e5d4bcdad9f31aeb3efb1d3795eac7a2baf670cbaa7154cedef24b69bccef2bbe3d1c9ef5c6f516b07e618a7991a1be5bae93878e39de5caa1b5abb9a35e25da4f0c8052e38cf6c59efbf741eee25ee7bffc550abf9be3c7f04d82b52a6e686536823a04edcafbd4de9e8e0315301a0c73e6b867c3b599be9f2ffdfdac2cb85e957d47b785c2b81123c27e498f452fbb37969d92a71953aaff001d7ac41fff00c8e1f92f47274532cb7fb93d4b1f39dbfcd9cdc33f0b4c91de3f499e9175df8ba6c38fcc8775afcfcbcb5ba06dbaf4a3240412d6973801ba0f4f0797d2737bcc53c52a6372eb79aa83b1b87a21adc2d00e734fb7539f728ae6ab8cc45524baa113c36c3e4830dca0d5986aeff628bcf9e9b26936eaa594621dedba9b2d3774fd15eda9dd1ab72716d788009d806cfe6af69dcea6e5383659eeaaf33c3801f44d27734fd9f97b4c1a4e31d5e6ea6976bb68e02934918461008deff54d1b6ecfba8693f75a03d1802ba4db3d74603bbb637d005749b5e9621a011a05a00f35748d3bf0604472613435a55af249da029a56cd7fb33b837f3534ae8a2277007ade53434a9856e141c5d3a2c7d2266b528161fc63cc73d55d26dedd2cb30155ad73f0586788e69b4fe4ae936cabf66727aed97e5f41b263c12cfa426a277579d5bb1d92992da555836f055363ef94ed8bdd5e5e2bb118627fd5b1b569ff00f2343be90a762f7bcac4763f1b4da5d42bd0ab17824b4fcedf353b2af7c78f89cbf1b827115f0f569c7316f88b29ab1adcac457a81ba7548f34dd34a92d22c20abb19110b2a84120c20fa4ec57686a6459a537177fab547015013005f7483fa1329c70c661daf96970170d7037df8f55597a1b9991078414e66e3d76410010036d0374157b406b8817f5552b175b68df694650e24381dcde6e82b207aaa897343644c37e88ba08900180e1b9444110d04ee501ad832205a61059adb711e61458bc43893ecc5d1469d87e14160277dca0da9013e8146a3501152104a02020202020202020876d64183ee2088e512b9cea16b59561993265c37da554675235f97cb644ac2a0da08d96a33547b5a5de10408b2258c6a3017c1023985a958b18161130365adb1a54b6018dd369a1a208b1beea912045b8e145f66ad13223d146a3a29b6019e05aeb35d247534e90278e7a8596e36fc634d8470a34d2641691246c4a8a989d2019f241775dcdbda2e14de951adad32deb732b17922be3fb5bf68d94e401d4708598ec783a4d2a6e86b3fc4efcb7f44995aba7e47da3edae79da07d46e2f16ea7867fff00b6a274d38e8473ef95a57ce20fa9ecff0060b3dce6a533f7676130afb9af5c6911d40dcae59f3618fcacc6d7e9391fd9a64196bbbcc6f7998d5e3bdf0b07fba3f3257932eb3ecdce37d861db470941b430946950a2cf669d3606b47a00bc99f535d2603ab79af2e5d4ba4c19baaf9af3e7cedcc191ab7decb865cdbadcc1435571bccdcc153527958bcdb6bb34a978e162f2cf78b3157bc13bae7eb4dfbb5d8af7a072b1ebaf6323888db85cbf117e1bf4d53893c5966f3656f86a71c66711066567bb26fd360eaf1225498d6e60c9d5e095b9c76b73050d78985d2705f96bb59babcda765d674ed4c55755b596b0e193dc91473c91bae98e125f659104922dbad49a5d049817dd241526eb522aa5c0419574286b3449e8b5db466fac00b7216a614b94647122db2dfa759f52317e2c025baa04adce2ae779a7b399f8e686fb4bace0bb72cb9e69cf5b35635a1c5cddef75d70e96dba70cfaa8e1af9f53a6e80f6904ec4f0bd187456b865d669e756ed092d203a60d97ab1e863cf97575c55b3daef6696b6d3692bbe3d1e38ddb8e5d4e5669c95733c43a7c41be9c2ed8f0611cef2e5583b1151f1aaa3adb792e93093da31dd54d4d1c4faabe500f0384b041aae26f74ed801ced529a46d4e9d579d201fe11e4a6a0eaa380aaf7c387f9a83b30d969716f82279f35748ed651c3e10455c453a6e06ed73c0213b51ede598ba240fbad2af8aff00e1a648f8981f35a98c4afafca1d99d560efb0987c1d3161debfbc79f56b600ff00896a62cf878381a8ec376770c5d5eabb5d20f14c435a35999b09e79255d35f2fcfb3ec63b158e6873cb9b4c4051a8f2aa7b454ab144041d349cda003843aa6e24582a8ad7af56bbf5d67973bcf8515be0b2ec5e3a4e1a8b9cd060bf668f7a0f730fd9ec3d2d271351f55db96b6cdfd55919b5b0c353a36a34194cf568bfc56a466d52a4c6d79e375ad33b6418e70bcd82ba36ad2610d1693b84d1b6a18f2249d8729a36a163a01f7159d2ed6344b9b726011ca9a5da3410749985749b4ba902d968882ae84b695c9dc226dd34e86c418e374d0dd94209026c107450c3d9c1b36162a2bbf0d872cd2e13b6d16507a14e910d322c472a8e6c9311dd61aae15ae21b86a8ea2277d22edf911f0485743f104813b8e9ca26993710fd304104aa31a988a9303acdd5473beb92e975a0c2a8a54ab20013a637e883e7f32cb693dfa8531a9c760a5c635327875f05a5d148936e562e1f67499391ec2d30e041586942210420b34a0fd6bec97b44e761df96d67375510347f1384fd07d215895fae308201b111684441813276411c0f5b141471da0404464e2402c8df9553f4576024f370888330d00dc1d900c45849282d25c22e20408402081207368dd0598d0c9d5bf528b3c21b3b1b191bfd51121a0120cc79f5455803abce6c82cd6dcec7a28ade98808b17f722a459010101010101010101041b0418bee442239dfe13bde5566b271b8b9837559667781b2233810003baa8a1b982604aa8c9ed817b792b19b19b81d4662375519b9bc0f9aace82d0db1f721a4e8371b426cd35a6048f259adc7432c22da946a3569004c7f251a5d8e2df08dd458dfc2e20ec0fb94696f61a357a6cb1965a58f333bcef0391e11f89cc710da54d86c264b8f468e4af3e595b751a91f8cf6c3ed0b31ceea55c365f51f84cba7c2d6f86a3c75711f41f35d30e3edf37dd5f16ba8d30f42ae26bd3a187a6ea956a38358c689249e14cb298cdd247edbd8aec6e0b21c1d3ad8ca34abe64e12fa8e1a833c9b3b475e57c2e7ebfd4bac6ea3d38f169f5a6a46e578ef51faba4c19bab472bcf9f55af9749c6c5f881d57933eae7ddd6713238904eebcf7ab96b738bc327623682b85ea6df31d271a86bccdd62f3655af4d5388b1becb3df935e9abf78833a926596d7d3667116b15355af4d435fcec9d95aec66eafe7b2d4c1a98286bf9adfa55aec50d7f35d27055ed66ead20df65d31e0f2d4c599aa7aaed38e45ed51d509e6eb73091a9112656b50f04184f02d200dd6502e6893204709abec3375668e56e61462fc486499db6f35b9c7b4b64723f1ad01b0ee4aed386b17964739c786b48d561e6bace0b5cef3c8e5c4e6ada6d2ed6202edc7d2dbe1c33eaa47057cf2930ff6a223add7a70e8b2bf0f3e5d5c9f2e0abda1110d7174746af463d03cf9758e1af9e5771f008f32bd18f4784f770cba9cafb38aa6638976f50fb9779c184f872bcb95f960eaf51dbbdc7deb73193da31baa6a5a444940bfc5410a8b35a5d01a1068dc3d43c18536366e0e1d155ed68ea4c29b17eef08c275549e805d3ca346d7c2d386d2a4fa87a1109a1d7876e698970661b0113b12c23e66caf69e1e8d1c973caf0da95e961d93c6e3e03f356629dd1e9d1eca618348c6633135dc0f2f869f77f35b98562e6f530394e5b83d228e0e8831bb86a3f1375d27131737b5847b1ae6b600e02d7a7a4ee75e3f10ea396626b4e9eea939de900ae76352be3b18fd193e129cce9a0c6fa4340535e1bf97e7f8c74e22b38efaa161b736ca2a1059a21059ad2e706b4124d80083eb321ecb07d3fbce6ac70112ca3307fdee9e8896be8dcd652a429536b18d02cd6d87b96a465c556997531a8faad48cedcc5820cfaad48cd55cda61b277365ad26d9117161757488fc42dba211201722abed6b302c140887c8173c29a5d8d60205aea6976d69d30e692c1241821343a1b87d333b10a8de8d191ec181bc283ad98373c82d6d8ec54dac77d0c01890c8802c5457a743073bc5e20a8ba6ff7380d0d09b34f9ec8e88ad8dce5c05a9e2c33de1a01fa29b5d3d5a9802006c5cca269ccec03a469117f82d44acab65ce93d663d3aadc8c5ae6ab807cb491bf0b72316aafc116800091b2d6936e5ab847969f5da14b8acc9e4e332c79986c45966e2dcc9e5d7c2e9d4caac91b491f358b8b72bccc6605f406b6f8a991ef0b9d9a6e5db89cd8b8d965a545907a791664fca334a18c64c34c380e5a7741fd2b9162e9e2f2fa2e6d40ff0022380aa3d22df774445008bc20a91ee941478b09e8aa5625a5b24ed3c2323590ed33d0ee8692605c6c8245f55e070825a61e20ed64558da7a041027902c8348d2624123a28a917169369da105980481f38456a11564040404040404040404040419bc1447354dad6559ac4d8ec4ec156593a0120044535b41d220de154db2738174c91bc792a846a60b7bfa2233eef4825d72aed348eece91e1f41d5366905921b633e89b4d347522608999b94db5a5db4e1b3693b29b591614fc636d94daebcb507c400dba72a2ae235c45b945f96ac80f322c368e8b36e9a8f9bedaf6cb05d99c369a87bfc73dbfbaa00ee2fe23d02e165cfc371f83e739c63f3bc61c5e6788756ab1026c1a3a01c05d71c663ecaebecef66332ed054ff53a6194018757a96637cbccf905e6ea7ace2e9e7e7be7ecde1c772f663da4cb68e519bd5cbe85635fb80d6bea1112e804c0e05e3dcb5d2f35e6e39c966b699e3db74fbefb30c8a9e1709fb63174da71156d879dd8db827d4fd3d57e7feb1f53933f431bedeffbff00f4f674dc16ceeafbc389026ebf3df8bc9ec9c2c9d8a1d7e6b965cf9df6749c4c5d8ab1bae7f9aba4e262ec4742930749c6a3ab1e0ab306a60a1adb415bf4eb53050d533b95b9c574bdb15ef4de0c2be8d8bdaa9a91cae93876ba54d582216b1e0fbae99f7b0bbfa517b551549932afa722dc4d47f457b61a45e0209d3b5ee7853b9361d22013657cfc26d5754683ed7c5598d36cce21a0900792d4e3a9b65531205a7cd6f1e33ba4635318d06e77dd74c786b179718e5ab98d36365cf1004cceebae3d3dbece797538c7157cff0004d90710c31fc2657a30e8796fc3cf9f5d87dde662bb4d8704b690a8f1c10207cd7af8fe9d9fbdf0f2e7d7cf8795573ac454334699038932bd98f49863fb55e6cbaacafb394e2f1953503574309bf002ebe9f1e3f0e37933bf2e7aae73bfb5ace711d4cae98ea7b462db7deb39681e6b5e5152e8d82685492aa0a86936b20b8a2f3b34a1b5bb90080e781d7c94125945a6351741dc0dd059af6090ca449e0ca686987a38aa8c268533a666400ae91d54f2cc6d51152a860e85c7f24d1b8e9c3e42c2e1df620c74688f9abdb53b9ea61f2acb69803b8d6eeae74cabd952e4f430a70d87b50a34d83a31b12b73898b93a5b5c936de25749c6cdc9bb6b97365a23cd749c6c5c976b8c1048d537057498337274318643a483eb75ad48cedd741b05b06fd54ba230ed2e234e458d875cd0783e7208fcd70ce6a575c3de3e6336c406e19ad05b663446d10162c748f87aa75389ea65707566a2ac046e82cd05ce01a0924c00107e89d91ecd372fa431d98b3fd68ff0066c3fecc7ebf45a918b5ef6274341f0f0b5a676f3abbe08d3b46c3695749b70d6713600925518b9a749995514eef53662f2aa1dcc0b47172aa029781b02264200a1110091f440384719807cc28356e11dde436e7cb95746da53c09b08f34d1b75e1b2f27f0900fc5457651cb48905a2e768d966ac7a187cb0077899e18859db5237ad572fcba9b0e3b1787a04896f79503663a03ba9b6b4e76f69720a4c70fda3409feebd4dae9954eda64aca7e1c5d32f26f1d3e0a6d74e0c776e32ea7867bb0d5f5550d700d0373c709b34f0bb25da1c2657973a9e22b9756af51d56a49e4dbf29f7a8afa6676ae854a0e760db4f1355ad2453150367ca78559b1be47dabcb738adf75787e171baa0d1af624f4079faf92d4ac651edbe9ef0db755d63957354a4d9b0165b8c5655293750fc96a230761db371fe6b5b4635708c710348036436f3717930735c1ac04f9ac5c5d264f071995d5c307173096dc02458dd72b1d657c9e368776f3a7c34c99f20572b34e92b8965a6adbd332492df90fea107ed3f64dda0a15328a384c562a936b52269063de039f7f0efbc031ee551fa769da3841473663e328816dc420abdb7db616419e907c3c4ee88a86d81d3ef551589698b2098f09244dd059a262d11c22a40de6fca82d00137f72086f379207082ed67cb7456a00b40b22ac808080808080808080808080833abb7922573be5bb0062e88e7a9721c0dcef68f72d3158be038cfaecab359b9c431e401d02a8ccde0199d374457510278b2a8d1a4125d1bfb3e8a2c5e0120131223651556b4075f6061534d3bbdaea6d74d224c01b7928d2c186c045936691b91160162e721a05482e222383e8b965cd23523e47b73db5c3f6728773837b6b662f1e1a64c8a76f69dd3c872b3865792fe8b317e1d5eb6231b8a7d6aef7d6af55d2e738cb9c4aede246df77d93ec13dc69e373e696530439985e5ff00e2e83cb7f45f9efa87d730e3de1c3e6fdffd9ebe1e9adf393f4563e9d0a4da5429b69d260863580000790e17e5b97aacf92eebdf87169f8863a93b31ed5626889d55f1ae6cf49795fbde2e49c1d1639df8c67f47cbb85cf97b67cd7ebf4eab28d1651a4c0ca6c686b5a36681b05f80b865c995cef9afd063c524d454d6dc70b5386bacc599ad02cba63c1f75ed43ab5c74f25b9c134bdaaebdaeb738a45d23bd1d559c46906a00afa7b5d29acfc174ed8ba359884ed86949324ad6a2e9133e8134a580991d05d3e749b57580d99f45ad794b921d5da000526158ef6631606a077995af459b9c7362f33187a46a6e459a0f2e360176e3e9bbee9cb939a6136cabe634a9497546b7992616b0e9f2cbda31973e38fcbcfc4768b014a41c4071e8d05df45eac3a0e5cbe1c72eb78f1f979d5fb5541ad3dcd2aaf779d82f4e3f4ccefed5d3cf97d424f68e1afda6c5d7814b0ec11eae5e8c3e9dc787bd70cbaecf2f68e3ab8acd315edd57b4791d3fcd77c78b838fda3865cbcb97bd723a8d473bf7af27d4caed33c67ecc72b2fc94e88d325a499b5ec973a491ae82d3a58c6ccc6cb1bdfbaaaf0f7b4c93a5bbad49a4b59f7350d29bf55af9451d87787401c2d6d13f767449803a9413ddd26001d5049bdae820774010039c7d15d0bb2955740a78774f5215d236180c59b16b5917dc2baa6e346656e77f695c03e427e6af6d4ee6adcb30e2097bdde5657b2a773a29e1f0d4db028b36dc89faad4c13b8c4d514f0b574374b4b7a425c75097cab96ea6e0e9363793f3570c7c2657cbb353d978903fad96fb59db46076b046dbad4c59db4022d26cb5a4dba1a229832249d96e4676de580ba098179365a45db880c37d819885a474d1ae266c5c7e889a7652aa4bf6b6e14b077e1c12075e8b9e574dc8f9bedb66d87c3e1aae5e0ebc4d46c696fe004f3fa2e1c99cd69d70c3e5f2b8ac3622a8389cc5eed6eb860d9bfd745cfdfcd74f6f11e2bc88111b2c56a2a2ea2adb20fabec5e5a1b886e618960803f72d70dcff12d48ce55f6d5318d3b1b6c16e39d71d7c5324131d08551c6fc5026fb81641887ea717378e105c31ce1a0b40e677056916661dc5904123741a0c239fb0dc8b8088eaa59792e208b37a6cae936d9b9690048dc4f92ba4db61973bd92dbc4a1b7452c001b0b71654743302dd20c0dee2166d23ae960c0034816f92cdad46eda2da20baa01037e8b36b723f39ed876e5d59d530391d42ca1b3f102ce7750de83cd73b5d247c39156bbcbea3c971ddcf7492a34b3a8d360bbc97700041573698d9ae369dd054f888635801082e1ce64780479841bd0c754a0468719062439547d1609986cde8369e29a5950f88566407308e47e8b726d8b74fb2ec76735f1f86c5603185aec565f53ba73e7fb402403eb632b785df8ae5c935e63de7b03ae2c7a745d7d9c99d4641f3f45a8955d31240d820ccd22436d73e49bd0a3184ba1a2784b562f5f2c66269eaa8db46cb95ae98be23b4d903c10582d711a573b1d71af84c550750aae69d85973b1d2552891aa1d11e6a2bec7ecd0e0df9c623058fc350aedad4fc22ad30ebb4de276b13f0447eacdc0e3bb2d49d8ec91f5b1994cebaf97d57173e9346e689278fe13bf0551f5780c661f31c151c660aab6a50acc0e63c720a0d4b4cf9208d36f24455cde40f920a90762047082a19f044d069c9d22de68692750131e56400c209036e50d2c1a24471e48a90203637416169e9283445101010101010101010101010412828e20833684460f1a8099f722562e07616e8ab2c2a3878607041956335cf509009224cdbcecb518aaba49d5b94143ab441b2a8d1b01c67907e2a2b464b9c41de2d0a351ac034c022f2a2fc2e1ad26e263608ad4346c2c77f451a66f711047b5e62c579f939645918547fe17488e17cfe4ea64baae938ebe67b63dabc3f6772d3a0b5f8ca9fd8d19ff0098f90f9ecb8704cfa9cb53dbe5bb2631f87d47e2f35cc1cf76bc462f10f9302ee715f672cb0e1c377c48c496dd47e9bd8fec8d1c90b71d98455c744b00f66948f99f35f8dfa9fd672ea77c5c3e31febffa7d1e0e97b7cdf77d3d6c41ebb6cbe1cc77eefa3871b95f5ae485df0e2b5de61a7e739461cd2ede570f105952a5468f598f915fb0ea72997d37193e649fcbff0087c9e0e3d75965fd5f766a0057e7661e34fb73150d488e8b7dad76a359360af69da6a3d1350d2403684dc3690d33e8a6e26d21a6040ba9b86cd3a4075e362a6e5ba4ee44b41e15dd4ef666a35a38daeb531b58bc8c6a6200120c0365d71e366f2b93118fa5401352a318d1797102176c3832cbc48e597518e3ef5e557ed0e01a093880e238682657b30e8396fc3cd975bc73e5e756ed6520f268d0a8eff1103f55e9c7e9796bf3579f2fa84df88f3ebf69b1951c4d2a74e983d4495e9c3e9dc7279bb70cbadcefb38ebe3331c7b9ad7b9e60eb6868d31e6bbe1c3c3c5e6471cb97933f7acfee158cbaab9ad3e664adfad8cf118edbf29661a883fbc7b9de9652f265f1098cf96eda587a6f96d02e11cdd62dcefcaf88d7bda8e01ad6868016671c3b91a2bc38db8e2cb73089b5861aa39c43ae20fb96a629b47774d822ad5a6c3d09bad76a6d4388c253bf79a8f4682b53136caad76d5a3ddd1a1525eed21c46f7d9598a6dd6cc2e675080dc2b2936625fc7aff92bda9b5ce4b8b71736be298cf26899fa2bda6d2dc930b4c0356bb9e49bc582d4c53b9230781a66d4a4f99256e71b3dcd03dad6e86b5ad03802216bb227721d59da6fcfcd5ed4daa1d1aa0de15d436a82469613ba68dac043409e15d26d7653d5a4341323a6c5349b339c31a19539eeddce016793c62d617cba9b87ee30b4db10e63408f385bc71f0c657ca009d25d7e5749833b59a08dbe0b5314db5690763b80656bb59db512009de53b576b35ae04ed7b2d4c536d7b97c35ae1e7657511d387a10e20020802252d83d5c3618963a6c5b10b8e5c92353133ccd6964b94bb14e6cd63e0a4deaff00d395e7cf376c707e7b96e0aa63c55cdb1951ce71c4b1a2dedb8bc493e50579f6ecebcff11a8bfbb91c9babb34f953ba8a3420eecab02ec7e35941a0e9dde470107df53a0f65369160cf088e8b71ceb27d42d2267785a8cb17b9ef22db2a8b53a0fbc4c1e3aaba36f470f8276a0dda55d33b7a387cb86d041ea86ddd4b2b878912d3215474d3cbc002074b20dc60da35003c29b1a33086c0098d9369a061ae4913f926cd2cda040f08e36e89b1b53a2d0f691ec911e8b35a8eca7856c38802e36e8b36b723e3bed3b327e5990be8d12195312eee411bc1bbbe423deb16b78c7e4f4707dde11b8aaa0f8ff00b31e9cacb6e5871274dda0c4c6c83b30b826d5731c4de507a784cbd94c1a8e74794ee8336e5b470cfaaf73c3c977847f08dee838b1349a27bb0e9e66e83845071710018e0c2ba4dbdcc06246534056ac25e078193727a2dcbdac59bf0f7becc69d6af8eccb1f509d2e01ae8e5ce33f97cd6b8bdf6c7378923f431e4bb382d06c60933750534e99f4b2bb34e8a384a95483107759b948d4c6d75372f6d16173a173b96dd263a615deca703cd592a5b23cfc561c632939af076310394b0c6bf29ed5e00619c5a1a1a5be7365cebb635f2cd3a5c0ef0b0dbd2c9f16ec167583c553f0965569f76c7e5283fa7f2aa86a611a4bc3c8b121547cbf67ebb7b3fdb2c7f669ce0cc1e2dbf7ec08770493de301f50481c00507da20420823a20ab8130384106264ee8881b1205d02d3245d00086f944941612240e0a006c011645580841280808080808080808080808082a6e401c20a92009bd8a23322c64a0c5f736d5e4ab2e57097155865a67636f35519b9ba5ce0408fc956748682373e1689941760f090092516261d37178dfa20da9bcc3358596a56ed610413f0eaa35a1e5a1dbc03f25cb933d46a4f2e6aae8dd7c8ea39b4ed862f2739cd28e5981af8bc539c29516ea31b9e807a985f22e59f2f24e2c7debd3db319bafc173acd3159ee6b5319889352a186307e11c342fd57070e1d3f1f6cf87972b72afd0fb1fd98a5935318ac580fcc1edd8c1147c879f52bf1ff55faa65d55f4f8fc613fcff007beaf4dd24c26f2f77d2bea93b95f1a62f7e38b9def85e8e3e2dfbbb48e77be765ecc70d3723e4f1ed382ed9e13164453c5b7bb27fbd11ff00dabed70df53a1cb8e7be3e7f87bffbbe772e3e97598e7f1978ff009fe4fa7d3bc95f276fa9b48618f7a9dc9b5bbb169f8acf7a772c1820c958bc9a66e412c637512000267c967bb2b74c5e4d39f078b189c253ae2c2a82f6f9b64c1f842ebcb85c392e1f6f1fc7e5cb1e6eec656aeafe2f0fb9631e2baf2979b4f2b1b9fe5f833157174c38182d6f88fc02f7f1741cdc9ed8bcf9f59863f2f1f13db2c2327b8a556a386d3e11fd7b97bb0fa4725fdab23cf97d427c479588ed8632a070a5429327924923e8bd987d2b8f1f7b6bcf975d9df67995b3bccab1f1629e278600dfa2f663d1f0e1ed8b85ea392fcb0fbbe2b10e2f787b9dc97baff35d3bf8f09a8e7acaf9abb700e825ef023a0952f34f8876b6a782a0dbbf53c74958bcb9df66bb647551a349a439949a2058c4ac5eebef4f0ae15aeaf56bd53c1d23dcb571d49136e834e356b2034ec5c6212607739df5b074da5aeaad27fbb7f985d26159db27e3b0ad9d0c7bbdd0b53036a52c5d6ac4b70d842ef8ba16a609b751c366d55d0453a368891b7cd6a609dd176e515de23138d208ddad985a9827735664d81a5a4bcd4abababa07c96a609dcdd94303488eef0d4b7b6a127e6af644ee73d5c50af9b61d8dbd2a2d2e03cd4d79d1bf0eead8a786126c26616e629b7255c696ea13b7c8abda9b73d4c63cb2ce21b62acc536e6a9893e13247f74ad6843aa386db4aba458543009260f09da6dab5c6cd02dd55ed4dae1d0e693ed4595ec36e8a4d73806ee4957b19dbdbcbb014c78f727857b536f3bb6355bf77c2e19a078aa03f011f9ae3cd3c48e9c57cda9af53bc7037bd82f54c5c76a3480d0491b6c370b5244dacd700666f16becaf81344cee3d2384d8eea0dbc6e0ecb17234eaa5872e0ed422fc2c5cf4d69d94f0c4bbc40740b1792ac8eaa7842d0044dd73b9d6a62eca345e01b5e267aae76dadc7c37da5629e71d84c1980da74bbd31d5d6fcbe6b9e4eb83d2c6e5c72ec8326c3b843df88a41cd1fc465c7e6a6895f3f9f508754208ea134bb7cce926a691b930a2a622dd107e97d82ecd96e5ecc75412fc40d401b43788faab19afa4c46581ac2d608bc9257491ced7898dc1c38c0f08b4ade99db9a861fc63c208e6eac8cdaf6b0b846d3602620895ad33b7452a2d2e01a0083094dbd7c2d16da6c7e4b15a8ee6b1a18d8ebb9de5454e8131a60fd50491e1b0db741571d265a22c8005c7ce111b369173886cf4536d69b53c359a40df82a6d662eea14491e1e3e6b15d247c37dafe46fc4f66c62b0ed73df84a82a1f36441f858fa02a559e1f1588cba9e3f25c262706e1dd1a4008e08b47ad9469f2d5f2cad4c9786d9a44999dee82d4cbe8b2c0927e4836755aed66924c1febf24d0d4b6b540e71368db829a36c5f8765360a98aa8da6475fcb92839eb63f0f4da5b86a3a9f3fda3ad1ee5769a6b91e499876931ae6d19d2d20d5acfd983f33e4ac972a9965318fd6b27cab0d93605b84c1b61a2ee71ddee8b92bd58e324d47932cae5775dcc20912ad8cc7a586c33ab988b72b8dcb4eb8e3b7653cb98d3a9dbacf7d749845ea3e9d0d80040524b4b6479b5f18f7f85bb2e93073b9b81e4976a924f0bae9cf6d28498112365cf28de35f17dbfc096e11cf6b61a043606d0b964ed8d7e5f5dba6a18d8dc09d82e75d6267c0c209916f441fd21d91ccdb53b3982c4becea945af70f323f92a8f8ff00b54cc4e1b1b91e6f409157075f71b969831e9e123de507dde0f3b1897b0308d04021c4c483b1283dba751af6820841740410820813281a4dae801b137dd04810825010101010101010101010101010438c0414362210579e2d784453da8336f34466f131b006eaa312d1b18178088cb4c7841893c8d8aace98ba35f980b4cd416b8b0811278435e17221db8dae1451b60ddfde82e6658d005ec8ad9961036ea562b515a8fde380be7f3e6eb8c70d679880765f0fa8cebd3c71f8d7da4e7efcc334397d171187c2987806cf7f3f0dbe2be9fd27a49c787ad97be5fe53ff006cf367bbdb1d7d82ece80c666f8b6cb8cf734dc36fef7e9f15f3beb7f52bbbd371ff001bfe9feef6745d37ff00e4c9f6ee3cf9597e6a47d3918b89bc1d976e3937e5d63174cc05ec9a6e2a1b24f45aee6bb9e667d970c76081a6e8c450777b448fe21c1f22bd3d2751e97279f6be2fee793aac3d5c7c7bcf31db83c5d3c56128d76020556830776f915c3978f2e3cee17e1d30e699e3329f2b9ac04c45b658985a97958d7c6d2a4c97d46b1bd5c616f0e9f2caf88e1975123cbc776ab2ec36d5fbe76c5b484fcf6f9af6717d27973f8d7ef79b93adc67b57819af6bc62b07570d86c3bd82a34b4bdced81f20be9f4ff499c79ccf2becf272f5972c6e31e73fb4f99f76da746a328b1ad0d68a6c161ef95ea9f4ee0deecddfd5c6f53c9ad4ba79f52be3b1666a55c456f57172f563c7c7c7fb32472b96597bd6b4329c555890da63fbc532e6c6131ada8e54c25dded63e1b4346eb179afc45ed9f2e86e5f8760d4da45f03f115cfd4cefcaea3a3b8d21a58c63009e000b3ab7dcdb171a0d8756c4b0026f7923dc16e617e226dccec6e11966eba97b1d303e6b738aa772a7350d8eee8091b1719f92d4e2fba6d418fc69617d3a6031b725b4e405b9c7136e8c164d9ae2a8b5ec269d17f89a5cf8067980b7dacdca47633b2d508d788c60f46b656e6153be3b476772da4d97f78fbeee7fe8b538d9f52ad4f0d82a062950a4d2072d9f995bec8cf75455c4003c302202bda6d83b17163b7557b4db1762c874eab47c95ed4db0ab5c583892788e5346d4155ce3cd8d96bb53664f48d5c557ac783a47f5f05cb09bcad74cbc491e862da1ad7692410576ed73dbc9ac0e82445bc95ed36cc5320898922f3b057b53690c88060abda6d66b400e16f12bda9b5889d42d20ad769b680efa7809da9b6d4c778e8361326cb5da9b7b384a5a4b4ec666e9a45b1b9a370cc0c601acd9498a3e6734c4bf138cc3eb3241dbd485e7e79f9f18efc5fb35e8e93b0d97abcb835a549eede4fd5343ba865ee7ed1b4a961b76d2cb1d11a7c426c164dbd0c265ae0001722e2d0b37447af85cbc03206de512b8e55b8f4599701a5a06c6f2365cf6d39b30a94f0c1c404d2bcb76734d8e32e01bfde3b22e9f0ddb4c5e1f1fda0c356655a6ea669b1af2d221b73330b965eeeb87b3e9bb4d9b50c6d4ca051731ed18d6bbc2e04587f34a91e07686b32a8ab10d0099809563e4a08719fc2b2d3a32ac23b1f9961708d049ad55ac31bc1373f0515fd1d84c2b30d80a54e8d3636906000010045bf25a8cd736229070741b9b0b2dc73af2b13820f0eb7867685d239d79cec18a6f21a2de8b7195d8ef0c7bd11a506cb9a7541deca2bd7a0d0000b2b1d0c738007fa0a558d64188da77595685ad8906c5154d2600d36dfcd112d6105e78d826d74da934b5c351f7a956476d07090244c158adc6b4eb53d01ce2046c075e51a8d6a3a855a6595343d8441698208515f9476a7b29997656abf34ec8935b007c55304e6f79ddff7803b8db6b8f4507c43fb54ea8d2cc665b44d469dd8e2cbcf20cdd15e7d6cedcefecf0b4183ce4fe888c9d9c62dce96f76d26d6603f557669ad1c2e7b8f81430d8da8ddbc14dc1a3e164d53723ddc17d9ce798a1de629d430b3722a3f53be53f557b2b3738fa6cabecdf2ac186bf32ad5719526748f033e02ff0035b9831791f5b4e950c35214b0d4a9d2a6040631a0347b82e9238da330efacef0885aee91998daefc265a1a43aa6fb2e79726dd71e3d3d16d4a5876c5a02e7ab5d37232a98e0e90d30af6a5cde5e29da9e75925c3a2eb8c72cab9a6c49dced0b6c2ae11a40dd588db0cc73a201958c9bc5c3dabcbfbccb1ce2c6122771b5972b5db18fc3b33c3fddb10ea7be82584cd89062cb9d758e769fddc46c77515fa6f67735c637b2784c3e0cd1a474906abfc510e70f679db98f7a23e6fb414595f095ab54c4e26be218754d57c8def036082723c0d5187c3e2f29c6d5c2630419d5e024751d2de6a8fd4fb03dab766787385c7814b1d8525b5a98b4f470f2283eea9bf5b01e489841740404040404040404040404040404040404040415779208f174bf5419ba0d81288ac9045cf9a22b7d523aa0a3848823c4aa31731c4489817559d3078686d8990ab35536df8f2410043a45e5117e9745587844bb63ca2b4246806eb967751a8cab3a44b4792f8fd5657dde8c1f2bdb6ce7f62e495f154ffb677eea971e23cfb849f72f9bd3f0fe279a617dbdebd16f64dbf23ecb64cfceb3402a8270d4c87d774ee3a7a95f67ea7d6ce9387f2fed5f6ff9fa31d3705e5cf57dbe5fabd3d2d6b58d0035a2001c00bf0b776eebeef8935105e2401b94d7c9b7363317470b41f56b3b4b1b731b9e802edc3c39f26531c2794cb96613758331153b96beb35ac79ddad320794af5ce29dddb3cc49cd75bac2be3e9d1697d5a829b01b97180177c3a7b97893759cba893dde2e27b5797d2790da8fabd7437f55f438fe97cb67b69e5cbaec67b3c47f6b2ad37d6fbae1c06547170151d304ee6dd77f8af7cfa66364efbe67d9e4bd665bbdaf3ebf68334ae48fbd3980fe1a6037f9af561d0f061fe1dfef71cb9f92fcb986131b8a7778f6bdc4fe279b9f8af44b863351cbcdf76ccca1e20d6aad63627c224a77fd8d269e0b0edc63a9973aa5363413c5ca6ee87777783a14ffb2a2c9d9cefe6a6ad36939ae19b00bcdade16acfa66dcd5739a609ee693c8eae742be943758d4ce6b1814a952a703804fbd5f4e1b52962732c49228baabbae81007c16a618fd936dff61e6555c3bf0d693cd4a93f495a98fd99ee8eba1d9a6c8189c5c1e5ac64fccad4c6b3deeca19265748073c55ac6767ba07ca16a60973aeea386cbe8de96168b5d363a412b5db19eeae3ed36303b2c75267fb4a8d647a5ff0020a6735170f777d3c636961e95306343035a0710216e4d463e59d4c6bc34b42d4896b8aae2dd705c45d6e44db8ea577ed3c596b46d8b9ce207300abda6c3a89f146df14ed36bb70cf71d23da2615ed4d870e7d932256a60773af0f82eef0b52bd41e1635cfb8de07f24ca76cd92eee9bf66f0d1938c41fc6f713f4fc972e9f1de2df2e5aacb1643a636e17a660e3dce214a4ed223957b0ee4776dd379ba769b55ed01a1addc754d2ed47301022e6795746d058624cc4ee9a36da9e1aad47c376b04d26deee1b2b75305e5bb5b650462db529c51a621c6de8ac89b70b72da8f3249246e56b5136e4af807bb3ec1e174f89cdd503ca7f45e4e5d5e7c63be175c76beb28e4ae305b783695e9b6479fcbba864c245a446c566e722eabd3c1e57a221839e3aae59f246a635e951cb5ae6fb22772795c2e6dcc5d54f2d006ad2205966e6d4c5d0cc331b1a4df6859dae9e4f6c33da7d9fcadd8aaa35d573b453a7372e8fa5966dd3531dd7e4f53b638fc436a0c5329ba64b340d3a7cbd167beb7e9c7945d5f30a9ab1154e9e0703d029e6b5e23b999361cd00f2fab27a11fa2bdb13bab931986180ad41f84a9535c9209890442cd9a6a5da95f1efaecd4eb3f923aabb34e10eb98362b2afadfb32c377bda3158811429920f99b7d094895fbc06bbb813c36fd16a257057616ba3ca56e39571b9a093a8c01f35b8c572625b0d240375b8c578b59c5952e48e903e4b48eac0c937da7aa962edecb2cc009bacab40f311b0fa29a5daed70b181e854574517011ab60b35a8e86301d4584c0112b3b6a463887b2882d2e1a809f5561a79d88ce194dd2091795662af39d9ec3b48718e8b5d82afcfe6a132469e82614ec5daf4fb411a985fbdae7629d8bb6eccf881a5ce320ed3ca9d86d8d6a594664eef31d96e12bd40dbb9f45ae77c48953b19d94b21ece90d2326c14de669029da9dd5df84cbf01840060b0586a16ff6549ad3f2575a66db5a38f84b86c56e4636ccbe2c1c493b2ba4dacc656aa4340b754dc8496bb68e5e04778573b9fd9b987ddd0e7d1c3b62c0acead6f7238abe65aa4520ba4e3fbb9de4fb389f59ef712f74f92dc927b39eeaf4dc6201d94b162ef87348bc852786914f08f7c0360adce44985753304d6ddd731cac5ceb7306c3bba2b3e6b5e239b35a8dab97d6f06a86a69657e0bda4606e618a699b542e1e840fcd62ba4af229825ae816024acb4f7b28c6ba8e54698366d427e41066ec48a9e17496bac7d15476e5350d1d1469b8e90e8049f341f40eadfb3b1984cf281d2ea6e6d0ae0583a9badf1060a0fd572ec712ed26c3a9e107bad707096990825010101010101010101010101010101010101043a0041470b587c1119ee0041437241045d101124fd4aa20926480276419167844edd119d28e600d36baa9a66e69f14013d1134a86981038854d2c440f2e61417b120bb60114921a6d102f75c39af86b172d574076aeabe175593d3c6fc53ed3737763f3f760e9d4d587c200d0d06c5e7da3ebc7b97bbe97c1e9f17a97df2fe8bcd96f2d4f87d276632d6e519552a4e6e9c4561de549e091b7bb6f8afcd7d47a8bd5f3dca7eccf13fe7eafafd3714e2e393e6bd035b79ff0025c71e9e2e5c8e6c563450a0eacf0e70a60b8b5a24c0e8bd1c5d24cb2ed9f2e59f36a6df1799f6add8ac652a987a04d3a52e6b2a72fe0903781f35f7fa7fa563c585c72be6fdbecf07275372cb71cb5b37cf71e3bb61a8c69e29b748f8ff0035e8c3a2e9b8fceb7fbdcef37265e36c3f64636b9d589ac03bfbce2e2bd333c71f18c73bbbeed69e48c6826b547bba6980af7e5f113c34760705404b9ad98b6a74abacafc9e193f1b86c388a64123f802767dcdb96ae641c00653303692b5319136c5d98573b103d02ba114a8e3712e2ea34abbf56e58d307e0a8f430fd99ccab3439f4db481fe375fe4aeab37291d54fb2ae0efdf6244031e16fe6b530a9737633b3b82a640732a3fa4bf7f842d4e362f23a69e070d870052c3530783a44ad7633736d51ce0c86b4c4582bd89dcc2ad52d245fa884ed36e77567da267aa68db035df063d2eae867df541065c0f926879f8ea86ae328b6e403abd7fa858ca7e691d31f18d76b6b3a5a09daf7eaba69859b54bc389327aab19b19874ccee6cba44ad1ac0e20445a1748cb518669204481e70b5233b6d4f0ed6bc6a6ec6d2b7da9b74b29b61c74816bf9abda9b74603063135400df08dd2d98c3cd77769a8d3c0766f147480f730347bc81f45e4e6cf78d76e3c7f347cde1eabdb96e1f0ec30c63013ea6ff009af4f063dbc718e4bbcaa1ac7122d7e8bab086d073db0d9dd456ccc0bdee01adb136505e9654f7916e244a9b1d2cca49d2431d04c26c7661bb3e5e4780c1b152e720fa4c0f67a96180f00b7970bcf973efd9b98377e58dd0fa6d10d52727c971569e44c2585ec263afd56af3fd9260f530bd9f6805e45dde4b965cf5b9c4f8aa9836bbed69b8402d42945bce94ff00dcb877db9f73af6eb0d3f426658c69680243780b7ea563b1b53cbe9b449170a5ceacc1ad1c1b1ac73834cf1759b92cc5d2da43c50c126f0a6dad1ddc068208b72a6cd27bb25a21b266d64d9a7e39f6c98935338c0d093a69d12e8f32e8ff00b4299378be0594cbaa069f5f72cb4efc0ff6cde1b3ee0b7197d561b0cd7d2974ed6e2eaed34f173ca5dd63f0406fa8fd42cd58f9dda7a2cb4802107e8ff65cca7430f5b107fb47548ded007f9ab12bf4e19b5334cb5c45ee0f97455972e2335a05cd24c9d33c0f82d466b318aa750113badc73b18629c0d9ae0e03895b958b1e0d5bd793b5f75b9534efc035c04b8189956b2f483a2cb3a56cd3000e2165a6c0f8db005f62b2d35a46fe8a558d2be2c50a6ef0dbfab2ce9adbe533ace4b5ce6c8d8804f45b98aedf198dcf1e5e65f04ecb7ecaf3dd9e789c5ef8ea26ea7748695667b60194ab3cfe220404effb45d36fdb15cc7fabbe2c6ef0aeefd91bb33aae1ae1f77782070f05377ec3ab0fda3a94c8d785c486da5d03eb2a777e89a7b997768995c02ca75a3a86eafa4a78acd9a7d3e1713a80224023de9a73dba6931f54696037e54b6424b5df86cb803adf62361d162e6e98f1bb74d2a0c2602c79adf88e0c5638c69a7b95bc70fbb9e59fd9e5d673eabbc44c7495da6a395dd6312e95bf8652d2756d7e141d787c23ea024d84ecb9e5948e98e35e9d0c353a4dbdcae572b5d66322d5312ca76813c24c6adca47156c5b9c3c23aad4c5cee4e473dce2751f705d248c6da10d7d12d70247227858adcafc83b694b4e6cfd0d2054a7220c6c489f9ae77dddb1f67c9b6c4c2e6e8ecc2542dc3d468989d9066daa43db3307612aa3d3c15421e03af16b7541f59856b71797d6c2bc922a30b04ed246e83eb7b138c7e2f2bc1622b125fdd004b8fe21627e4507e8586fec9b7dc4a0d501010101010101010101010101010101010104103a20a41f87088c9d686c79ca2200111ab49079082af90c3a4dfa2a2a4dc408f544482641045c4422a1c04c0dfa422327b4dcbbdae65540344dec38415004f84d8fcd100c8f6c4350d22a870044edbaf273d6e47919ee35b96e598ac6d412da14dcf83cc6c3de6cbe17261ea724c27cbd78789b7e23d93c11ce7b46da98925cd69388aa7a999bfa9217d1faaf51f85e96cc7def89ff003f72f4bc7ea72cdfef7e9388697389da395f90e0ca49a7dab1c6ea2e3bcc2fa38e71e5ce57067b5bf6664f5b11a80791a29cff0011da3e67dcbdbd271fabcb31f8797972edc5e5d2a184ca3074e957ab46955d32f2e23539db9f35f566f972b7e1e5fd98f3f139e60a913dc9755771a5b03de4af4e1c5a62d79b5b3eaeeb52a4c60f332bacc646556d0cef16dd6ca1892d3b16b0b42d4c5371d386ec9e6d88703529b6949ddef93f295b9854ee8f528f61c02defb16f703be86447cd5f4d9ef7a386ec76069d9f49f50ed2f76c7d02bd89decf3dca70f81cb0330b87a54eb626ab6831cd689f11dbe00a971d4599797d36132d6e1a83695010c6374d87016bb58ee5aae105acb73162e4c4e0844117f35b98b37250e07508d370b7318c5ac0e001370750dfd15ed4ee455c0130049247c13b4ee70d6cb8ea9133e6a762f739dd80224c7aa761dcc2a60088f8c46e9d8b3273d4c1c458dfaa9dad773c76d2ef33aa8c1b526fe9faae326f91d77ac1dcec34418f40bae98da1d8526041164d1b6630e5a4dad30b435a14cb6a007a26d34eea2d02d370236856669dadc53d4c2483ab95af519ed6f87c23eb540c6c4823fcd5ef34fafcb32ba785a00b843a24db75e7cf92dae98e3a7c4fda46309a5470cd3e173e7d607f359e5f1848df1f9c9cb86c33453a6d00580fa2fa58cd48f2df775370cd311c5cf92d23b69e120ea0d27a90b155e8e1704c0e0180869363d02e79558f4f0d9734892c13b6dbae3972353176e1b2b0e018d6dadc2c5e56a60f670795b69b00d37e0f55c32cf6e98e1a743f0b72d02dd40f929b6b49a5816de47ba12e49317650c135b73d7e0b3726e62e9d0d6d870b2d3f24c948c4fdb2e66e25be01506fd1a1a93dcbecfd4bbad9ba4881f15adb3a5851000f15c7046ea6d74b8a5a5b0d3eef2434b77626401d44a1a583236208f9a2ab5185948b9a7c436b2869f82fdac54157b4345d32450d26fb10e72558f93a5a4d6aa4ed301074602f5001cf03941f55857c31ad71d2081a7d551e667fa9d98e5a0826f11d6e141f3007880f35157acdd21b3b956a47d5f67b1ff71ca590f8324fc4941e8d4cfdc5a46b3a768d87f355183b3b7b9d05f24f33b2bb4d3ab099d389275921b1b74d96a566e2f5b0f9bbeab2e77363d02d4ac5c5bb435cf0e68daeb72b363d6c036c0ecb5b634ee7360efbde612534adc39c3e088de99b006009dd66b51d21e1ac97440b4f40b0dc78b9d62dd45861de0e6fb1eab58c1f9ce7b986a738ebf181c7f5fd42d5ba6e47c962310ea8e3061bd02e173b5d24d294dd0640d95c750ae9a4e246a267fba7e5eabae3e7cd62f86c6b38482eda248e16f68a8c439ae24727e09b1d784c5b9a626c7e0ae99afa2caf0efc5546d5c338d3c4016a8d13cf3fc43c94cb1f94dfc3edbb2d53ef6fa984c5b3bac6d031569df6e1cd9dda571b9d6bb1f674194e853160173b76dc9239f158d0db53b985a98b1967f679d56a54a8ff00139d1c2e92491cedb540d9e375534bf7408736627c94dae934f02f7c9b8f725cf44c1d74b034e934176eb173b5b984854c4b297b3a6424c6d2e5238eae29f5098303a2dcc6462e56b0f1074b89f7ad32b58d85c05150e0d69f09dacaa2f4c09f10f09dd4ab1f98fda1e1b466346a4c03a9a09e8448fa2e597c3be1ecf8370879e8b9d746d4af46a098d945622eef441e8e04920493faaa8fadca1e0398409f2283e87b0d888a98ec1103f73897868e8d71d43e64a0fd4f02e069081681f141d280808080808080808080808080808080808080506641823cf94466ebb47970821d774898889288a5405a2de70a940044cec1040d444305b81d11001ae8b43b69412208f54555d4da2e371c2269113682276415d300340062c89a52b34869e80da5783a9be1d318fcdfed6f35fbae4d4b2fa661f8c7f8bc98d827e7a7e6bc7d0f1f7f35cfeced95d63a707d9e605986c8bef4e6455c4bc9d5ce91603ebf15f13ebdd45e4ea7d397c633fcdf4fa0e3d61ddf77d0e8971926395f1f7a8fa1dae9c3e15a4dc58f2ba61cd96de6cf17c776de9b733cf7019151a9a74b5d56ab9a2749831f21f30bf55f4c9e9f165cd7e7c47cbe7f394c5e5ffa2581a226b626b567f94341f77f35f5f0e5cb2f879acd3d3c0f6732aa2e07eecdaa46e5e4b87c0d97a71c76e76bdfc2e030b421d46851a6008f0b005da62e77274776d151d3d202e92316a5b8790001b1559dba1942f7165936bf70d076132a1b783983062fb6196e1dc25985a0fc439a369274b4facacd9f9a46a5d636be8b4013a0100da16b4c6c7d3f11902c61588c8d2830d120f55a88a9a579da375ada2aec3ccba38b2b326748a9878f685e38566458c5f8690d3a45b7856649a62fc234cdbcd5da69954c0c8822fc414dc5f2c5d978e1a241e89e0dbe4fb3f8518ace336aa04b18fd03d093ff00dabcfc5e73cabd1c9758e31ee1cb0971166883365dec729591cbcefa4a9a5da06034b34868d42ff1534bb5460a582013a6e445934bb40c09171c90a6976d68e10bac66676eab3ecaf7727a0da44b8b44cc2ce556477e658f6d3a5dd9f68f4530c7ced32afcd3b68c754cc30544992e9f990a73f9b237c5e25af79b8600890be8cc9e6d3aa8d13a848302c7cd3b934f4b0b8433a637122573cb3591ed6032f92dd2d8b4904d97973e475c717af86cbc35e0000792e3727498bd3c3e15949ae1a45d62ddb731d2eeb11a48951502090e178446ec600a3454acca7b9165745ba72bf154cb5a4b8126440faaba676fc9fb17503fed5b3baaed3a43b1113d3bc002ccf76afb3f5a38a61d2e0446f65ad33b4bab80edeced8a9a36a7de086db830ae8d86bb434b83a4268da7be7980384d1b7366388030c5d4c90e02649b268dbf08fb42addf6734cccc52fccacd6f17ce5124171e86626120e9c113ad801876f22c420fa6c2d43a1921b1b03d151c79c12ecdf2b04cb7bc1006e3c4141f394d938c6b23fda01f3515be68477ed68e1802b523015ded606b5c6104b2bb83749740dd362df7977f17f257635a58c2c70830350447ad80cc093a5ae968b4abb4d3eb726ae2a1d45c2f613bad4ac58fadcbc4881b9da16f6e763b5d4fa71c0565674c882078ba2d234643481698952ac6b51e5b4f5116774586df27da1716b61ae869360bacf623f2fceab97d7d04edbf0b8f25f876c63ca2b936b33f35623b80965bc2e0ede574ee6349aad1aaf13d653b974bd2c23ead4029b35188b05664963e8b2aecbe21f4dafa8cd3710095d71ce3163ed32ec151c15168ad0c205c4fd14cadbec9ece1ed4e6028b6866d933c0cc703370243e99f69ae1c8e7e2b965c764db78e53d9f5392670cce7034716c74b2ab663683c83e8549ede19bbdeabd02c992222c616b6ce976d09044413b29b34e8660cb981a38b29dcd4c5db4b06c6c1226072b1b6e62d1ec6b05915e662dcf7101a7e4b78b9e4f3bbb27ce574db9e9a369020020c82a6cd21ec89ea2db2b296328173b2a882e1c8dec9a012350998b941f01f697448a22a03e163da60ae79fb3b71fbbf3a7b35543a7606775cec7589a6e028d511bc1595622ceb20efc08820f07cd547d5e5448d3a4db6547afd90769ed566f4c80350a4f03a18fe6a0fd872ff00ec1b2ed4e813688b20ea40404040404040404040404040404040404040410420c5d2d75ac260a22221d0eb0fa20cb6713e4aa123a1412241e678840020b403689841304080a081771d3206c550888e105da206deee4283971222e79e8be6f5774e9847e21f6ab8a38fed653c161da5cea14db4b48e5ee336f716a743271f0e5c997b5ddfe11d393ce5247dd50a0dc1e128e199ecd2a6d608f210bf09c9c9797932cefcdb5fa0e2c7b719061b99f54ca78f0ed5e8d021ad931e4a714dd79396ea3f38cb714319dabcef30638c07776c76f22607c9abf7130f4fa7e3e3bff3fe6df1adde76baabe20b9dbfc17bf831f0e39d7a79639f226779057bb18e16bdca0c965f55c75d97462ba28e1c910e1045d2d61bb680d1fded829b170c10001b28019b691b26cd3e63b224e639b67998bae0e2061e99e8d60e3e20ac637cdade535247d406784da64aded8d2c699bda3a29b5d2bdd1b2bb4d1dc58d894ee34b3a91e82e9b34ccd299046c15da6999a16dacaf72699f7123657b9340a022e38b04d9a658c0dc3e16b5623fb2639e7dc254eed2cc7cbe33ecba877b83c755372eaad17f4fe6b970dd4aedcd3cc7da7dd8180201eabbf7386953836bac59698213b8d29532f12d2d6dc7cd4ef5d39ea606d21bbfcd6a646993f0243c40968faa777855a9e0c0b96fbc2cdadc8ea78eea993b025739e6b57c3c7c5173ea39d27785de4f0e56be4bb487576a72c67f08a67fe73fa2e19cfed2476c3f62bdbef0f7a0026778eabe84c7c3cdb7b380a7ac09e6eb96774d47d0e0b0a2440e22ebcb964e923d7a34c5387341f0ecb95ae91df4880d0e8bac351156bf77ed6eac85ba7339e49800924c00ab2e9a0c204b966b5233c5639b49860e9e2470ac85c9e062f363797ec62576c78dcee4f39d9b4173838e9162070ba7a69b7c1763f142976df34ac4fb5def3ff00b8170c31de763ae5fb31fa350cca4d89d24fc7c974b8396de8e1f1ada85da9c44733f258b8e976ea63806dee49bcacaa01d2e8323c8aa8d9a478a41930b2ae0cf5e5b86786cba1bb42469f84f6b1e1d9a489f604fc4ac64e98bcbf6083f85e0141a52716b8104f0207aa0fa4c3b88a6cb6d11e4a8c730d2dcf3287690477ad240e46b0a0f15ac8cec30088c4c7fcca2a3381a731aad1f8607c90704dd06f42a53121ec066de8b53495b571434cb441e8ad9136e471830b0d35a359cc3209f8abb4d3ecfb3d8da6284b5c08dac76e56e3163edf2ccc41678ac4713b2db9d8f75b559529b4b1c25c248f25633562d0efc330113490cfe11b0ba6cd25ec2ea62380a34f92ed25177772415b9563f29cd9a462eacf040f92e397bbb62e0586920c7b907451d755d0d17f5d96a335f439664bf7b23ef04b4037e785ad23ecb0185c065ecb344f5de1342d8eed152c3d2961f20d69b12b58e2cd7cd63333c6639f773d8201009dc2ef8d91cec76e55e1f09048dbd56ed959f669f6678d7d3a998e5e0cd3a5535d3f29307e817930f98eb9fc57e8f4aad47c0649747c55d461df87a6f2417820158b5b91dfde36989e82eb2e887631ad20754d26dcb88cc68d01de622a329b221a6a3c00ae8db9199a60716630d5e8d6ebddd40efa2b233547bd9ada5c2de4b718accd581cdcdecae9157566cbb83329226dcefac013a66dbadc8cdaa309a8401b02adf09eef430b42c490b9655d31c5f0ff00697862ec0563a0d9ba81f420a97f65bc7c57e5aef0969688d4d1b2c3a3161018e586997283bb064483123701547d5650e30c12e1e7c2a3dbecdbb476d3142fe3c235deb04283f60cbc11445886c0807841d48080808080808080808080808080808080808080828e689f24199d9d204efd5119b8803d2c8838812037d21044c5c8133c2a0488f31d505b4c096837e5411f84408f76e82c2096db9e505ac4ba7aa2b9315669017caeb3c475e37e1343ff0014fb4dad55be263314f7cef664c1f905cfadcbd1fa75fd66bf9bb70ceee68fd0ebba49b5d7e2708fbf8b9e9bee3a2ed9c32c9ae3f1630d96e2711b77745ce33e40af4745c5ddc98e3f7af9fcf9ea57c0f65697ddf257553bd7a87e02df595fb1e7bddcbafb3e54f11d023586c6ebdbc51cb2afa1c998e3e18db6f25eb8e55f5586c3480e888bc429b674e8144b59e1127f24da6967523a9a40b0536690291d4e8d80e42bb34e7ccab0cbf2fc4e35cd96e1e93aa10798130a5ab31f2f23ecfb05f74ecb60cbff00b4c44d7718df51b7ca1671f66b2f77d19a6d0f103c27a755adb3a6351ed63bdea9a67f7960778b6fa2684b3154cb5c04083684d0e8696546f848b0595d25d44c9316e15da6993981a605ecaed34a16c098da154d2346d6ff0024da69e476a8f77d9bcd0edfeacf1f1047e6a657c358cfcd1f3df652cffc0712feb8a3f00d6acf1fb35cbeefb370116dc15d5c933b585f9504d8000cdee8ae7ab5981e3c3e18885a98f84db36be9dc1ebd12c58d66896b49b4eeb1e5d3d9c759b2d20ecb7239daf3ead09067dcbac66be13379776cb0ece59a07a72b8dfefa3b63fdd57d00a275d87be17d1df8795ee65a3480081206fc2f3f2b58be8f0f57d98205a400bc963acaf47084c971e45a573c9d31743eb063609ba9a6b6e66d4ef08b13babad33bdbbb0f474b6f1659b5b90c6566d3a44099e1242dd3e5736c55dce060ef65df0c5ced7cd62b17773a4df70bd3232f3df8922a9836719f55a1f3190bf4e778c77e2f16dfe25e4e1fef2bae7fb31f574331bccbadb2f569cf4f5f2fcce29807da9dc995cf2c07d465d8b655d2d12413126ebcf94d2c7a7ddebd85e6dd2173db5a5c348b9104db641e376a7c38371168173ca45d3f0bed199cc488886c7ccac5748e2799a4c11c7282d82d22b8303ca7841f4384220071b9dd0659c7eef31cadc0ece1bff88251e5d79a7da2a9b4b7167feb5155cec4e6f5c0e5c3cb8083cd76e82104c9823aaa0a0db0e2f3130762b78c4af4d941d48f7f86abddd41c707d56bb3eccedefe579cea8a6f069d60417b49defc754952c7d760b371a9b26046c3faf2558b1efe131cca8d27cf95a63d9d8daa0ba47b3b5d346d76d461b4d94d2caf3737c2b2bb24098bb4009176fc77b5184385c7bb58f0d410091b105632f15d71f678106600586dad1c354a8dd4d1e50b531da6dec651470e435ce30e659edfc42eb58e99af64e6b4a85a5a2e5b2de9e8b7a4706273b739ce60320c1f42a0e538cd4f971804c1e5546f86c4011a89f35768e9af9cb303863ddc3b104435bbc799532e4d2cc76f67ecb32dace389c754114ea10c693cc6ff97cd72c6ebcb594df87eb384652a6c693008b25a9269d9de304804584a8af0bb4d9fe03b394195734aa74be43695382f77a0b5adbfa2bbd1a7e4d9ef6fb39cf1ff75cb18fc1d279814f0e49a8fe8350bfb82cdb5a9244603ecf3b519b35b88c4536e1c3f6762ea10ef85c8f7a83d53f64b8fa74c3bf6a61fbd890031d1f1fe4ae8db4c364fdb8ecc8754a25999619a3c548552fb7903067d3e6b52d8cd92be97b35da1c1e7ed7529386c7d3f6f0d54c381f2ea2cb73362e0f65d85781226656e64c5c546e05e77b2bdecf6b765014a0b80f7acdbb6b5a6bf7a6d326e200e14edb4eed3e63b5c456c2550d825ed2db8dc1b1bad76f8499797e31f8449b8b2e33d9e8f9507b0e58699a0e9c2fb43acf2ac47d6e4e43743c0d88890a8f6f21a8d6f6e4824c3b03111b9d6141fb165e4772001161641d48080808080808080808080808080808080808080808337b7900a2285a5a6df0419c4801a2dbfa2a845b7b4f2825d05c418501ad3b4ee2c82c0811708a0300903d3c9048b801d791b420f3f33aa2861aad527fb361747a05f23acfcd74efc6fc63ecb70c2a62b31c7d43e2631b4c13fde327fe90bc3ff517276f1e1c73e7cff2ff00e5e9e871fcd6becb12f203dc7617f72fcd70c9b91f665d462d20ef60770bad97f93195797db8c41a5d9ac40367552d60f799fa05f57e8fc7bea27e8f97d55fcaf1f2d69a590e11a2c453d571d6ebef7bf2d78afb2f86a7a9c1c6410765f438dc6bebf21a5a7492448f92efb73afa863406322f3c74446a1de233b011ee514246a86b4c0bdca0971dff00866f3c141f33f68b88fbb763f307b880ea80536f992e03e92a5f65c6797ad91d034324c0b0803bbc3536fc1a07e4acf64beebe26b80080edbcf65a911e46271addc113d174988f3aae620388077365b98086663351b06c391cabd83d1c2e620b5a260c9124d805cee03d8c3e29b55e2f20c01e6b9d9a576b6934b5de31a80d9676699bb0c647a6eaf7276b275298de78b70aed34f03b6edd3d94cc9c371460fbc80a657c2e13cbcafb30a659d956384f8ebbc9f90fc930f65e4f77d61a71b03132b7b72d2aef01b9812a8e1c4624530e822db2e98e3b479cfc5871b916b85d661a45462835b7312b371db726947e642f7f172237571e34b55a78f04968378fcd6ee118db7fbcb1ec00e9989b2c766a9b7c06687ffcf4c23f89a7fe55c2cfede3bcfee9f59872098b0257b6bcaf5f08c64cdb6dbcd79f3b5b91eae01ae79d5c02b8e574e98c7b12da4c316e002b97bba7b391ef2f74826cb72698dbb307449871239d9632ade31d352bb6932660acc9b6edd3cec657ef19fdde3f35b934e76edf2d995587101d323c2bd18465f3988a85c6a35c76d975dab85ee768791bf0136af9dcb5fdde678b703704c7fc4bcbc5759d74cbda3d33892d2d0d74017f7af4ed8d3ab098e12d0d33e414d9a7d86499a35b0dd40c5adc05c73f2b23ef32eaccc4d19110d036e179eb723d0147d9802ca2e9f3fdacc3b4e15c4c758984d9a7e01da20e19ad40e249006e54ab1e7d47820470210698530eb6fd507d151f6436091bc4c5d518769c967ecf79824071b7a82a523cfc79ff00f31e24ff00fc63bfeb514ccbc79dd49bcbc6de815479f881a6a39bc4a956338bc2042ba1a32997479ad4c59b5e861a9777e29110bb6319aea6b608de216f488a8cef74b9ce21ed3e170dda5632c364af432ccc9cda829d586d56edd1de6163f4ab63ec32dcc40820c7427e2ac73b1ece1f13ab4c9b9e17573aed65477926936b124b4dd4b1657cb7687b3accc9a65ad6b770795cf292bae36c7e7199e05f94633eeedaf46b9227c1723d470572f31dbdd566635b0eed26831ae0222082af7d869cd88c53aae23bf6b453a9ce9d8acdbe766993aa3dc64957be9a88d6eeab532a9a5b5bc7557bafd9351bd2fbd5525b481bc4c593f3d3f2c7a980ecf97b854c4d6a65bcb64a4e2a773eeb019be272ba14e936961aa52a62032912c204444191f30af65676f5305da56e34c51259a2cf6bace69e87a2769b4e79dada791e5bded470a988783dd5207da7753e4b397859e5f98e0b039b76cb39ab5ea3f53de41ad5dc21b4c4401f0100058f76fd9fa5765329cb7b3adacda140fdfd834bebbcc97b782de80f4ea39895a919dbdf7675a398bcc2684373a6be07b888515bd2cc0d41e0693b20f95ede767dd5a97fa45967fabe678202a17307f68d6f27cc0f908515eef63bb4547b459333150d662187457a73ecba37f43bff0092b2b3669ebbf154da22d2b72573b74e1c4624384b174c7173cb2735305c4499becba5f0c4795da364e11c01f203a28d47e38f643ea41b35e42f3fc3d2c1a1c69bc3662cb9b6c5074e13497788582b12beb326bc3754c6de9083d8c85dafb78c73a6460e7fe641fb365b6a1123c87b9075a020202020202020202020202020202020202020202011221051e0c6fca0a39a60ed088a69d21d245d04864ee3843419698db8080de43eda4a0b478ad316984166b763ee884a3e7fb5f57b8ecee695098d185aa77e7495f2b9fcf2633f58ed87b57e6bf65d4a323c656804bb11a3e0d1faaf8bff005165fdae33ed3fd7ff004f77433c57b998d40ca6e1177c347a9303e657c9e9b0dddfdbfd3cbea65e3145304db75792c8c64f95fb49c59ee3078169f13dc6a38748b0fa9f82fd07d0b8bf6b93f83e4f577cc8edab87187c3d2a4d82da4c0db1e965ece1cfbb2ee79b29a308c26acde49bdb85f578ebcf5f5593b47847cd778c57d235da8bb409f1590646ab035d78004d82a8838fa40364db4ff9a8a86e674a24fb5fc3c11d541f0bf6b7990ab9261f0ccb6bc48260f01a6df31f0532f66f0f77da0cce9d3a34a835dec52d267c82b2336bc0c76621c011624442eb8b2f031399124c38c81b2ed2c34e4762c3b5389bee42d4c8d326e3dd4f4833bc826caed5d747322d1a757329e11ef65b9a17b9ba9c6c2df92e79633e07d4e5d8b1500020cf333785c329a595e817c8998bc47558d2ed04da60031a6507cefda206b3b1b9935bc536dffde6a97d971f779ff6641bfe87e1356e5d53feb2ae37c2673cbdfc46269d3800da42dc62bccc5e64c0ca907c4360b78c66bc1c6638979224089f7c2f46364674e535cb9cd70710e7093036956e6d4c5c9571ef6349b175f659ee6b4f3ea6624001aed406c4adccd9ed5b0f98687025c458abde9daedc3e644b41d46254ee4ed7cee3ab0ff4b59541b02dff00a5796dfeda57693fb2d3e930d8c8a801d8f2bdd6bcba7d1606a8aa58d6133c15e6cfc3723e9f0a0526ee6d0579addbb4f056c4173e5b6f45a919b5384a41d724c1e132ab8c7655c5330f4f685ce4db7bd3c9c4e61fbc20ba62f7e17598b9daf3b119a08d1366c957b536f0f1f8b15660c11c05d2781e43bc47503b2bdcd39aab6ee26eb37257cc61a5b98e2dbbfb53ee2b8f1dfcf5d6fb44bebbe40dbaaedb6134314e1a5a0cdf629b57bf9563fbb7b439e5ad041b0dcac51f7b92e72e218d2e2d6131117e8b8651a95f6986cde8be98f102f2478676595db9fb4a5afc1bc0896f23aa2bf9dbb48d2dce712d208208dfd1423c92677457460ad524ce90120fa1c1ee093360216914ed68228e0378f18ffa54a4791afbdce3bce1f88d5f1728adb306939dd51b5f9ff0aa3cfc4126a38ccdf7eaa0c86e8376300870b895b8cd6ec6e8266239f25bda3af0e61c27d7d55ee34dd8f3a2de63dcb7324b0743d84cdc1885b976ca8ea46a1f6a08bb1d170a6586c974f6326cc1c5cea7527bf67b6d8b0f30b8fe8b63eb32daf265d6dbfaf924c99b8be93023ef24866d1bad77698ed7a9f72651a6e7bc4903659b9edb9869f19db5cfbf64e11d52941a84e8689fc5fd052f88d49bafc89d8873aa54af59c6a56719d44de7aac4fbba7e8a3aabea9f1b89ba4f3e0f65f400d16074ef0bb4c231b51e00278215ed86d5102c614d2b5a6d9d26f7b42d48cbd3c33c52bd8130b7a4758cc833f760c0d8109a134b327be5a0f99ba692bb4d690310ca828d6a6d2438ec40bc3872132c3c6c97e1e5e1e9e2fb579cebac74526801c46d4dbd079eff0035e5d5cebaf8c63f55cb7074701846e17034852a2cf64724f249e4a7b234c5e01ec70c5b1ee22988a805a59cfac6ff0018dd677574f469e4ac3ed7f92bb34eda393d06810d165076d2c251a43c200b22b8f36cc72fcb308fad98d6a74a84412fe7ca39f441f8a7623366655daa753a155df72c539d446e01bf80c7ac7c4a63ee997b3f51a8f25c438f9caf560f364abdf04412ba48c54d0ac64791984cb1495cb9c3f561de64c44983b858d371f8fd4a6062b18d23d97ba01b755e7fbbd3f671533145e34cc90b11a73a8ae8c27b72761c2b12bea7283ab4c71bc70a8f732171ff004e6939a23fd4adcfe2507ecd9719a47c537fc9075a02020202020202020202020202020202020202020202020823a20a3991c222a4733e9641378062f36400df68136416000b016845225bd14a3e43ed2eaf73d8fccdc39a5a77eae03f35f3b29fdb62eb8fecd7cafd9fd114bb1f8670deb3ea3ffe62dffb57e67ebd9efaab3ed23e9f453f23a31c03aad10e163507c8170f980bcbd3efb6ebedff00a7d0ca7b46ac6f020792e39df29963e1f01dae2315db3a18706cd34a97a4907fee5facfa4cece86e7f7ddff9fc9f0fa9f3cda7d4e31ed69bf5f829d2b3c91c787a81954883b9830bebf1d79ac7b785ccc53a703da1b470bbcac58b56cef435a5a4cf5985adb3a703b3d3621d624da764dae9c7573a244b5f137027cd4dae99b73ca84c07f103e29b4d3e77b518f7e31f8465436d64c7c02cdade334f6ce7550b8e9799d82d6d9d396a666e74de2785a99269c788c5789cd06dbad4c8d399f89717366f32af79a6471248697498f35a999a40c6e87921d370b5dc69e9e5d99b8556e9747132af7269f65936701f1276da0c70b1534fb2c0629af66931ab711b05ca91d65cd24cc47aa8af97fb44ab3d93cc58089d0dff00a87e897d971f77cef62b30ee3b2387a4080e0e791ff194c7d8cbdd6c7e745d0f69820dc4ecba4ba634f2ebe6bde3ec4806e44a77697b5cb4f106a3cb44c4a77af6baea186107726c55ef5d3c7c5d69320eca779a7955eabc096edb15a999a66cc4c3666fe6af71a74d0c610d173a4754ee4d30c456d59a51aa5d360b96ff003cad6bf2d8f570f8979aad13772f5f7bcfdafb8c80f734f5bbda3f15c73bb6b18f52a666c6ea66a820755998adad70d88970bc8002b598f43ef8da14a4da3cd73d37bd3e7f34ce0b9c5ad7584f9cd974934cdf2f0b139c3dced5242a9a703b1af75e6e1534cbbf7b8c933ceca2b5631da8182411063852ab7ee40243c5b7b2ce976f94a54c0ce31cd20ece23cbc416309f9eba5bf9631c45221eeb490176676c0344c8b458ca2baf0b55cc023acc42951f4181c6be9e905f1c5973b176fa4c067069b9824e91c0dd634bb7d1bb31fbce1dc1eff145cee1346df8bf6a59a338ad0080402166fbb73d9e2a8abd2716b874de120fa0c096b853fde16c3663dcb48bf69eab6ae0b08d02f4dc47c40fd14a478f95335e6387078783f0ba8aedc7348cf9d00f886dfeec2a8f3318dd2f5158377de1075d17c588dd25458905b11047cd6e544b71168d8f554758aad3b183130a6c1b5400d110227d174c724b1b530480177c6b163d0a781ad548ab8503ef14eec8b078e9ef59e4c77370c6fc3ecbb2987a398e1db880e96ec5a4fb27907cc2f356f4fb3c31a3866c080897519e33320590c820710b78e0e7727e3ff683897d6cc68d024e912403e764e59ab237c7edb7c9d66e97e9bd96329aadca8a625c014c2795becea6d386dbc5e4bd11cd93da41f25450364c0534bb74d2960d11769e8b53c2543dee3f8bd1368ce1ee372a2bb30e1c6e05c198ea1748cd6f8eaaf1429d0a40eaade100ee02c735f1319f2613ceefc3d0a14ff63b69637061c5d4801599ff00a8de7deb39f17a7371665dd755f7596e68dacca55291d54de25a54b86e6e26f4efc7f6930795e14d4cc1ed634830c892ff0020395cf2c64f76a5b7d9f3983fb50c260d828b3058aa949862997b9ba837807ac6cb9ee37aafacc8fb6383cef0e5f8379151bed527d9edf7723cc2de38cbeccdb638bb4fdb4a593510c6feff001752cca2d3716dddd07d53293126ebf3e393768fb578a763731d54987675696868e8d6f4fea566616adca47cfe2289caf397516bf59c35780e889d27759d6ab5ef1fb3d32e1626f00af6c8f2541260472ba466aac706833e1bab66d973e63501a4e6dcf9858b8b52bf2cc60d198e3c585e7e3fe6bcb7c5af54f68f398d270ef708b15ca36e6515d384b3a6d656257d3e547bb736083c5ee3d507b3935414fb778722e2a61081076b9fd107ed3965a845add1076202020202020202020202020202020202020202020202020202088408841110826104a0f83fb5d7e8ec6639b1edba98f4fde34fe4be7fff00ec63ff003e1d67ecd78fd8c1a7b1d97007f03bfeb72fc97d66ff00f5997f0fe8fadd17f7719e32a4e6986a00ed4ea55f48d2d1ff005159e9f1d70e59feb27f5bfe8f6dbf9f1c7f7dff009fcddd49be26917e1797972f163a653c3f34c1bbefddbb754a8e91f78a8e07c9b31f40bf67dbe97d3e633ed3fcfddf9db7bb9edfd6bea71c4c9023d179fa65e47985fa64070b703a2fadc6f364a3f1b5036759b5d7a230e4ab8e7409701c2a8e0a98a75c494d2b37624b85ec7c9343318b7f0eb4dd3438f155dd52ad39321a6df152ac75bb16e01b0ebc498574c86bbb79f72ba16efa7c33168406c3c006e1b7210635584186ec785472d53a5f2b42d4aa19bb890aec7d16538da8d7b46b80072764b534fbbc9b1e49602e049f3f69659d3e829e374b0eb22071ea88f95edb63bbec8f1948bafa3fafa297d9ac7ddf1b9162cd3c9d8c0ef65e6dd39531f66b2f7655712f71dedb2db3a525eea824c93c79acd57bf81c169a1245c5cf548ae6cc2a16b435b1d111e55469f6a4a0e3c5522c04dadb0560e02c209b7bd681ae74f3245874515151ce15e9977e181758beeb3d9eee4d4bbcacd7bf60795d665e1cec7d262330fbad101ae127cd4da69c981c73ab562e79b1d80e16f6cd8fa9c1d70da449227a8eaa5a48f3335ccea39fa5ae222d20a9bd1a7875eb3dfbbae774dae9c9a2a3da4032656a23aa8d27b85c19dcad23b29e1837c5610794d23a80653200237dd1126a90d2dda07c107c93bc3da4c589dda4cfb815ca7edd76ff00045714d9a9aa26ebab2e66531f89bf0e5157a2c3a806a88e96b9f4cc6a26c26166c58edc3629cd8be93c0e45b75ceb4fa4cb71aed021c600dfa9447c5f6ce986e681c0c8733f358c9d31f67ceecb2d1b20eaa78a753a60037e55da68ad8a7d7a6d6bcd9a6de483a72369398d323f0827e4a4577660c8cee8c9b3a9efee2aa3cccc985b56d1b5d45710dd075536d88b754171205b8bab114a8d20037b85a8886b8b4d8f920e8a00b8801b37d8f283ddc0e11af00c107c975c6a58fa9cab08d6b98f2435a6f0175df873d34af886647990c5e174b70d8af0625a366d4fc353de6c7dc570cb1d796e5dbb1f8baf56b0351fe19d87298f84c9db4039cc01c6e45c2eb2b8d8f84ed6e0cd7ed4615804b4d131ee2e2b19cde71d30bac6bc2c665f155c74d9b623cd2c6a57252c29662a9b48b385a5493592efc3d466162ed9b6dd42e8cb0ad849f681326d2aca327e14ea9e02a21b86d2fb0911b21b4330f0c12d00ec3f55346da330c5dc5e215d1b76d0c38806079f92dc8cdad2961854cd838ed498348f324fe4acc779efec9bd63a7bd83c28a9e178d41c0d8ae99462572e0b167b395330c2e2da4d0a54cd5c1eb31aefec83cdc8f9af16ee1b8efaeef2f1b29c9337ed763ce26b39c28130fc454f65a3a3473e8171d5cab7b98beef03d84c8b04c0cab49d8ba8777d5711f00202e9308c5ceb9b37ec552a4062fb3d51f82c7b01d0d63c80ef2f24b87d8997ddd5d90ad83c4e09f5a9e0a861b1d4dc69e2806f8b583793bdf7bad61aace5b8f6dceb1ebcae9a61f8ae680d7ed162c377a98b7c7bde5796fed3d13d9faf0a97b4c00be8f6bc7b43aa408883bad485543c16dcc9574cb9ab8258e6b4fb82997b2c7e7b98d22336ccef05b4c1bff00842f0e7fb55ebc7da3c7a4dd5847181671e7c82e31b7128aeac2121c003ee5623dcc054ee9cd2088daea8f4f28ad3db9cbf416b629169ff85c541fbc654fd542db0803e083b501010101010101010101010101010101010101010101010101010101010107e7ff006c6ed3d8fac00f6ead36fce7f25e293fb695d3fc2f37b2303b2396e9ff00d33ff515f8dfac7ff799ff00cf87d8e8ff00bb8e48ef3b438977e1a586a6d1eae7389fa05d38ef6f4b8feb95ff00291ebc7cf35bf693fd5e9d37864b9c600127d178b971f88eb97b3f2dec8bcd4ed077c77d2f77c7fcd7edfae9dbd3f6fee7e6f86ef3dbea31af8209989824af274ff66f37975890416ec45d7d6e38f3d72d50f0ed2ef5f55e891cdcd5808205fc5d16f48e5a81c5c5af9b0b79a6864f06607e1dcc268626f240331bc268655000f62c65eed4f66a204b809930b5a65226644dc426858124c098f44d0d69ba012773f34d0e8e0bada8841c95691dcf255114e896c8d2488dba20f472e61151a2fef4a8fb1ca3535c08f6bc9652bd7ad5bbba7a41246c4223e733e2ead80c5992669bade814ad47ce767a977b81788262a11bf905315c9dadc1b81208f15d6d1dd9660e9b8baa551d2141e9e2f10ca0c70a312d16f341f3cfa9de54ef0ccef0554503c87104113c6945635e9c8682089e0f0928e0af4434b8743175a193695e34986a0cb194bba145c45a4ae79351f554d830f870458fa2b5979388aeead563f0fd149574e8c2557d3d21aba4ac58fa1a38b2e616b49dbe09534c6a52350364191cf5bacedad0cc19730b88e7deac4abb7021a36f083baded8d376d3d21dd7694ee349d0e2cd3a4ea1c82aecd22a06f760b6645e61369a6154bbba044438c7f5f04d9a7ced71a7b4208ddf4a76e63f92e7fe374ff00037ab48e8163a4ecba6d9723e89101a249d829b5694a9410082e20f1d14d8b776e7025c2e1691b36943c78674decb9d6a3d3c093e131a48831d02cabcbed8e15ddcd1c41176920fa159c9ac5f22eb1596d08082cd41edf66a8eaaf56a9980dd23dff00e4ac47a39ad00ccd30064416b848bec3f9a523c7cce896d571320c4c28af3983c6020efa5480d2e2d311eb2a0b9a30fe80aa2c2892f01e200f2949514a7817bdcdd2d3079e8ba465ec60b2d2d0039b0f07aad687b58763691044081b90b5225aefa351ee77eedba44c4c4485db18e56bd1a782a588a4fa359baa9d469041e8b1cb7c358b9701de61d8fc1621fded7a26cf22ef61f65debb83e60af3e35d2c7a3867e9933e15d6573b1e3e78fc21cf72baceaf49a1a2ab5c750b78647d0a6e6e125d57998ea99634389c6e1ace0748a8d24fb96ae58fdc92bc4cc313968a534314d3558f0f680d37bed31d25672cf1d3531ab8cdf2d6b40351e7ac30a5e4c498d55d9ce5ba5c34d633b7805be6a7a98af6d73bf39c1c4368d6302da801f9a7ab0ecac4e6d4c93dd611c6445dffc93d6fd0ec5466758801984db6dcc27ad7ec764fb8330c77e1c20ff00f96e2a7ab97d8ec89198e64040c28fff009455f5b33b314d2cc335a755cf6618ea744fee8f0939f39767662eda59ee7d4c00cc1edfff000e52f519d3d3c518ecff0039c7d16d2c66069d4a4d707c1c39891d573b9dbeed4c64f675d3edde7f4181830f866b0086b7eee4003cae9df53b203ed173a1bd1c13bd69bbff00b93d4a7646f4bed27300077d81c2bbfc05cdfa92afa94ec8e7a1db4653cfce64dc0774cad4f46229b6a4eb23670b082933d5d9d9e34fa367da0e4953fb4a18ca6623d8691f272dce58c7a75e157add95c4e7d87cca8e31f8768a9de55a4ea2e87385c1100c5e27deb3bc7bb6d6b2d69f634734ca712d06866385748f64d500fc0dd7a6734fbb85c2bb1941b54134dcd7b62e5ae95b9cb19ed49c2549000567243b59d4c2ba09b88e54bc9e098be0b30a04e719d8823461c1ff00917933bf9abd38fb47ce618b4e5ef69890f93d6e07e85728dbcf1ba8aebc396b409744f94aa8e818a1ada048bdc841ec765daeafdb2a4e6824520498e9a63f341fd0593b1edc33498d240821077a0202020202020202020202020202020202020202020202020202020202020fcfbed9c47645ff00fcf4feabc9afeda373f65e6f63bffe8fcb47fedbbfea72fc67d66fff005997fcf87d8e8bfbb8c30ed2732cc9ff00df633e0c07fee5adeb878e7eff00ebaff47b78bf6f2bfbbfa34cd5fdd64f8eaa376e1dee1ff095cf825cba8c31bf79fd4ea2eb8f2bfa57e75d8a139ad5e8283bea17ebfea575c53f7ffbbf3fd3fed3e8f10c712e0eb0e8bc9c15d3371d56584085f578abcd939aa3674b86fd57ab173ae6a94dee22018df65bda396ab09b984d8c0b091037fc56d9419869b88f7c20e7aed2daadd5f158cbdd63a1ac2d3602eb68319a6350f34170c20441ebea837a547518ea24041bf704b85a00e3a282c281208d89e026c296149780442bb1e8e0f0f3a646cb368fa8cae88f0d8c429b47a15a939c244c6d29b47054cb7bca6e6e99d408bf428af98ec4e1e28e32954692ea55807347c3f24c5727ab528f8a1ad8bd9546f4a8f714bd9223e483ccc4d3ab5ea127625061f7224c06c1b124709b16fb93837569f4fcd4daab570af7b67480470536396ae0b54c36fd07015d8a8c13dc5ad02c0c6df357669967983ffc2dd523c6c7871fa7e6162d58f48b5d88a14b4986ba98bfbb65769a607030038b416f5e8a6c295034e6d7f30aca69e86144b873c15adb3a7b586c307b43c75d9636ba757dde9d337820decaf71a6258c837124a771a51e68d30055aad61067c440f44ee3b581c6e5b45de2c76159d7f7adfd53b8ed73bf35ca1ac70fbf5027887857bd3b1c988ce3292d23ef74dd1ef4ef3b2be7b1f9860dd9de1b114aa834994cb5ce00f9feaa5cbceda98f8d34ad9be0a21b50ba36869fcd4eea9dae57e6f87996b6a5840803f553baaf6a8cce2934c8a6ff8057b8ed59b9d536b89145c7e0b5ea276356f686931c0b708e31b4bff0092973dacc17676a0309230527ff923f259daf6a98eed3bb19867d07e0a9687362ee263cd4dae9f3e44a2a202040412046c83d5ca69e6d5293865a09a7aafecefef41d788c1e746be1bef351ad7979653248f098f21d020cb1b97660c9efebb5e46f03f9283cfa787707f8af25363d3a144e9bf1b04575b30fac8f0e9113283af0f976b7875b6dbaa23d034b09826b4e22bd1a702dadc02b2a58e3c46759652f66bb5ce1fc2d257499467b5e7bfb4b8711a68d6a903f19016a7249f09d9523b5b8ba914f058166be265e7e0214f56fc1d91afdfbb635ffb3a588a4de82806fd42c5cedf76e6322832eed5e2aa4d7c455a462353abc58ff87d1637174d69f62b32c5ba7138fa448d892e7fd53669d6ff00b3aa94a987bb1c6a383da1cc6528b4804ccf024eca7741ead2fb3ccb29ba1d53135883cbc007e0162f2c86aba9bd8aca1864608111cbdc6ff15caf51a355852ecbe068629d46b60a816d571344917f365fde4794f453f1335b3b6b7ab936538593568602891797860b7bd2753bf689db5ccec4645460b71d8011fc0f6cfc96bd6e4f8953b5576739231ce9cc290e8449fa2bea72df84ed6433fc8e5c198b2e91ecb293cfe49ea72fd8ec5c67b8086f7386c7563100b30ee3f553d5cfe6c9fc4ec5a9674c7389a791e7352d0630bfcd4bcf67be73f99e9baa8679886381676673870da0d02162f3cfff0024fe6b38dd987ed3e6141a34764b377106dfbb3fa2c5e59ffe49fcda987e8ddbdb2cdd93a7b179a1f5044ffcaa4e4c7ffcb1aedfd03db8cf1bec761f31de4f89c3ff00edadce4c3ffc93fe7f14edfd1cb8aedc67952f53b098bd007fb463dd1ff22e93930fff0024ff0023b7f479789ed73de41c5fd9f61dc0ff00ea50de3d58ba4ce7fe669e5e23b5b94348fbc7617014ef7be8f77b2b7377daa313da7ec9be03fb1149ad023c38e78ffb56bc8e6c4667d8cc47b3d9dc7e17af738ed5ff00502a8f3eb37b31509ee6ae71871c6ba74eaffdcd41ae0b05948a82a617b4cec2541b3aae16a308f7b0b911edd0c467b8600e5fdafcb317fdca989009ff00f9ad1f557bec4ed8fa2c266fdad661f5663d9c6e3299dab612a3483ff09703ee853d693e4ec78b86d78ec7f6a310ec2e230e5b8205d4ab361cc3dd9dc7bbe0a5e59fcd74f9dc3e4b88664586ce29d3d741dadb5801b34180ef4077f44dcde95c58cc9ab53d2fa63531c038386c7dea8e7665b8b0f6b74381dba41e8aa3b9980fd9d4fef18cf0b62cd70f6ed641f61f65593622be2b119b6229453a90ca4e36d52ef111e56841fb4e099ddd10de883a101010101010101010101010101010101010101010101010101010101010439c1bbac679cc279591f9efdb13bbcec956008f056a64fc63f35f378fa9c72eaa61bfbba76d986de6f639e3fd10cba3863bfeb2bf29f58bbeb739ff003da3ebf453fb38e6cbeb07e2332748ff00cd116f26347e4bbe7859871fff00cffadaf67079b95fd7fd21da0a80767f30f3a0e1f253a4c2fe2b8ff7c4eafc70e5fb9f0dd876ce638974c45023fe61fa2fd37d52eb8f19faff00a57c2e966f2bfb9f57529ea75c6fe4be5e1cddaeb9e2e6ad866b29824dff00295eee2eae3865839fba69a8e03836b2f5fe3318e5d94fba7841006eb53adc53b2b86ae04061d5d56a7598a76572d4c11d771bef0b53ab876311842d68006e6159d544ed79f99d134bbb27a911f05d30e599fb2eb4eaee1d7d3b6d7e54fc444ed1b47716994fc443b5ad3a5e3f1000429f88876baa831a1ac04f8baa97a98bdaeda4291041729f8ac4ecab398d21f0448d8958fc545ecacda2983632620857f150ec6f46b31b009107653f130ec7a982cda9533a9ce6fa1f553f10763bbf6f61620d5a600169700ace7dfc1d8aff00a4b81609fbc51923970fd56e72dfb2763e5f28ce30b83cdb362eaac14ebd51518e9b6e49faae9dd7529a779ed3e5adef26b0b096c349bca7765f63518d5ed5605cd01a4993701853791a8e7776930ba618da86f7f026e9a54f68e8df4d0ac4911ec6c9ba691fe9134b61b85c4933696888537fa9a1dda0a8e600ccbdf03abc04dfeaba66fce314e24fece68e87bf161d15ee9f74d3276698c17fb9d21681352613ba7dcd30c6e3f1989c2d4a4ea34431c3874909dd174a61332c70c3d16d2187d20691aa6768ba5b0d2c71f9a163cb6ae1d806e004ee8695755cd1c0b8e36947f747f24ee86942dc7c34bb3173757f0b8dbe0af7a69ad3c3e35c07fe2f5c49b789dfaacdce2e8a980a840d79b5671988827fee4f521a67fb269b89d58f79004c96ff0034f50d21b92d0b7facb8c9e1a3f54f50d27f63618367ef1537b5827a8692726c206177de2a5bd13bcd20e55831a22ad5322f71bfc13bcd38f1983a142bd165373cb1ee87124751b2b33dca69d3fb370c0eef889bb82e579ab5daa7dc68448618f3729ead3b5a0c1619ae20d3b0fef14f569dae9a783c27fe9336e53d5a9daefc3d0c0348ff0056a1b7e2684bc94ed7753196b480ea585690386b567d4c97b5b77b96811ab0807f89a14efcbecba8f073dc3607101cea189c307875a2a36fe5e965d70cefd99b1f34ea61b50b5ee16e5a642edfb9941635bb383bd105f0cca752a86d6aa293397104fd151f45d8ccd70197fde9998d6ee9afd258741749bcec0f920f5732cfb25ac70bdce25c4d1c435e4f74e16b83c79a0c331cef28af229d77907ff6c859f23c3ab8bc11712c7bac64784a6aaaa71f401905c7d029aa28338aadb51a63a4b8cfc95d1b19fb5b1c65aeaa1beba02972c61aaf4701d92c4e29d388c4b69cff0008d47df30b379645ed7b585ec5609ba4d57d7aa7f84981f2bacfad0ed7b982ece606859b82a2204c96027e2566f5121d95ea369e1308cd356a51a16fc4e0d03e2939f7ec76b1ab9be50dd23ef8dae76d38769abff482af7534c68e2fbf70fbb65599d5bee70fdd83ef790a5ce4f7aba75506e78e2061b23a4d039c462c0f9341faa9eae3f7355db4705da6a80f7a328c38f4a9548ffa5632e6c21db5357b3b9d577c54ed13a983b8a184633e6493f35c2f5184f85edae7ff004145420e27b419d55ea062748f842e37add7b631aec5cf6032475270aacc4d479d9f5310f2479c4c4ae17ea1c93dbfa2fa71d743b2391d068d39560dce8bcd106fef95c72eb792ff008aafa71b8c832ea7fd9e030add37b5168fc972bd5e77e6afa6b3729c3348d1429b4793005cef5395f93d36bf7200180046d0b1eb53b1a370a0132371758bcb4982edc3b445b658f52af6356b40111b2cf7b5dab831b277e8ed3527a95749d4afa89da6a57d5349d69eb1da0a842b39ec5ed51cca2ff6e8d377ab415d275394f94ec62fc065d53fb4cbf08fff0015169fc9759d6e7f74b846157b3f90d6115725cb8f9fddd80fc6176c7afe49fe262e11e6e27b05d95c403395b699eb4eabdb1ee985df1fa9f24f94f4e3cac4fd95767ea1d547118fa3fdd151a47cdb3f35dffeeb949eccfa6e43f6594b0ee9cbf3ec5e1ddd744fd0856fd5a4f7c4f49e4e0bb3fdacc16373ba182c451c58a8050aefc493aab34b2c413d03a37fa2e99f5dd35c70b978fddfbd26197c37ecbe7f5320c8e9e579d6418e18563aa076229b350275381046c20c8df85be4ca7267ddc59cdfd924d4f319e1eae168f795bb32fa199e0dc49760aa3853af466e430112e6f4107c976c79f2c7c72cd7ebf09dbf666fccf1559e28e55d95c7);
INSERT INTO `uczen` (`id_ucznia`, `imie`, `nazwisko`, `klasa`, `login`, `haslo`, `PESEL`, `Adres_zamieszkania`, `numer_kontaktowy`, `komentarz`, `zdjecie`) VALUES
(10, 'Jakub', 'Pala', '3G', 'admin1', 'admin1', '', 0, 0, '', NULL);

--
-- Indeksy dla zrzutów tabel
--

--
-- Indexes for table `klasy`
--
ALTER TABLE `klasy`
  ADD PRIMARY KEY (`id_klasy`),
  ADD KEY `klasa` (`klasa`),
  ADD KEY `id_wychowawcy` (`id_wychowawcy`);

--
-- Indexes for table `nauczyciel`
--
ALTER TABLE `nauczyciel`
  ADD PRIMARY KEY (`id_nauczyciela`);

--
-- Indexes for table `oceny`
--
ALTER TABLE `oceny`
  ADD PRIMARY KEY (`id_oceny`),
  ADD KEY `id_przedmiotu` (`id_przedmiotu`),
  ADD KEY `id_ucznia` (`id_ucznia`),
  ADD KEY `id_nauczyciela` (`id_nauczyciela`);

--
-- Indexes for table `przedmiot`
--
ALTER TABLE `przedmiot`
  ADD PRIMARY KEY (`id_przedmiotu`),
  ADD KEY `id_przedmiotu` (`id_przedmiotu`);

--
-- Indexes for table `uczen`
--
ALTER TABLE `uczen`
  ADD PRIMARY KEY (`id_ucznia`),
  ADD KEY `klasa` (`klasa`);

--
-- AUTO_INCREMENT for dumped tables
--

--
-- AUTO_INCREMENT dla tabeli `klasy`
--
ALTER TABLE `klasy`
  MODIFY `id_klasy` int(11) NOT NULL AUTO_INCREMENT, AUTO_INCREMENT=4;
--
-- AUTO_INCREMENT dla tabeli `nauczyciel`
--
ALTER TABLE `nauczyciel`
  MODIFY `id_nauczyciela` int(11) NOT NULL AUTO_INCREMENT, AUTO_INCREMENT=4;
--
-- AUTO_INCREMENT dla tabeli `oceny`
--
ALTER TABLE `oceny`
  MODIFY `id_oceny` int(11) NOT NULL AUTO_INCREMENT, AUTO_INCREMENT=18;
--
-- AUTO_INCREMENT dla tabeli `przedmiot`
--
ALTER TABLE `przedmiot`
  MODIFY `id_przedmiotu` int(11) NOT NULL AUTO_INCREMENT, AUTO_INCREMENT=13;
--
-- AUTO_INCREMENT dla tabeli `uczen`
--
ALTER TABLE `uczen`
  MODIFY `id_ucznia` int(11) NOT NULL AUTO_INCREMENT, AUTO_INCREMENT=21;
--
-- Ograniczenia dla zrzutów tabel
--

--
-- Ograniczenia dla tabeli `klasy`
--
ALTER TABLE `klasy`
  ADD CONSTRAINT `klasy_ibfk_1` FOREIGN KEY (`id_wychowawcy`) REFERENCES `nauczyciel` (`id_nauczyciela`);

--
-- Ograniczenia dla tabeli `oceny`
--
ALTER TABLE `oceny`
  ADD CONSTRAINT `oceny_ibfk_1` FOREIGN KEY (`id_przedmiotu`) REFERENCES `przedmiot` (`id_przedmiotu`),
  ADD CONSTRAINT `oceny_ibfk_2` FOREIGN KEY (`id_nauczyciela`) REFERENCES `nauczyciel` (`id_nauczyciela`),
  ADD CONSTRAINT `oceny_ibfk_3` FOREIGN KEY (`id_ucznia`) REFERENCES `uczen` (`id_ucznia`);
COMMIT;

/*!40101 SET CHARACTER_SET_CLIENT=@OLD_CHARACTER_SET_CLIENT */;
/*!40101 SET CHARACTER_SET_RESULTS=@OLD_CHARACTER_SET_RESULTS */;
/*!40101 SET COLLATION_CONNECTION=@OLD_COLLATION_CONNECTION */;
